,ZipCode,City
1,15001,Aliquippa
2,15003,Ambridge
3,15004,Atlasburg
4,15005,Baden
5,15006,Bairdford
6,15007,Bakerstown
7,15009,Beaver
8,15010,Beaver Falls
9,15012,Belle Vernon
10,15014,Brackenridge
11,15015,Bradfordwoods
12,15017,Bridgeville
13,15018,Buena Vista
14,15019,Bulger
15,15020,Bunola
16,15021,Burgettstown
17,15022,Charleroi
18,15024,Cheswick
19,15025,Clairton
20,15026,Clinton
21,15027,Conway
22,15028,Coulters
23,15030,Creighton
24,15031,Cuddy
25,15032,Curtisville
26,15033,Donora
27,15034,Dravosburg
28,15035,East Mc Keesport
29,15037,Elizabeth
30,15038,Elrama
31,15042,Freedom
32,15043,Georgetown
33,15044,Gibsonia
34,15045,Glassport
35,15046,Crescent
36,15047,Greenock
37,15049,Harwick
38,15050,Hookstown
39,15051,Indianola
40,15052,Industry
41,15053,Joffre
42,15054,Langeloth
43,15055,Lawrence
44,15056,Leetsdale
45,15057,Mc Donald
46,15059,Midland
47,15060,Midway
48,15061,Monaca
49,15062,Monessen
50,15063,Monongahela
51,15064,Morgan
52,15065,Natrona Heights
53,15066,New Brighton
54,15067,New Eagle
55,15068,New Kensington
56,15069,New Kensington
57,15071,Oakdale
58,15072,Pricedale
59,15074,Rochester
60,15075,Rural Ridge
61,15076,Russellton
62,15077,Shippingport
63,15078,Slovan
64,15081,South Heights
65,15082,Sturgeon
66,15083,Sutersville
67,15084,Tarentum
68,15085,Trafford
69,15086,Warrendale
70,15087,Webster
71,15088,West Elizabeth
72,15089,West Newton
73,15090,Wexford
74,15091,Wildwood
75,15095,Warrendale
76,15096,Warrendale
77,15101,Allison Park
78,15102,Bethel Park
79,15104,Braddock
80,15106,Carnegie
81,15108,Coraopolis
82,15110,Duquesne
83,15112,East Pittsburgh
84,15116,Glenshaw
85,15120,Homestead
86,15122,West Mifflin
87,15123,West Mifflin
88,15126,Imperial
89,15127,Ingomar
90,15129,South Park
91,15131,Mckeesport
92,15132,Mckeesport
93,15133,Mckeesport
94,15134,Mckeesport
95,15135,Mckeesport
96,15136,Mc Kees Rocks
97,15137,North Versailles
98,15139,Oakmont
99,15140,Pitcairn
100,15142,Presto
101,15143,Sewickley
102,15144,Springdale
103,15145,Turtle Creek
104,15146,Monroeville
105,15147,Verona
106,15148,Wilmerding
107,15201,Pittsburgh
108,15202,Pittsburgh
109,15203,Pittsburgh
110,15204,Pittsburgh
111,15205,Pittsburgh
112,15206,Pittsburgh
113,15207,Pittsburgh
114,15208,Pittsburgh
115,15209,Pittsburgh
116,15210,Pittsburgh
117,15211,Pittsburgh
118,15212,Pittsburgh
119,15213,Pittsburgh
120,15214,Pittsburgh
121,15215,Pittsburgh
122,15216,Pittsburgh
123,15217,Pittsburgh
124,15218,Pittsburgh
125,15219,Pittsburgh
126,15220,Pittsburgh
127,15221,Pittsburgh
128,15222,Pittsburgh
129,15223,Pittsburgh
130,15224,Pittsburgh
131,15225,Pittsburgh
132,15226,Pittsburgh
133,15227,Pittsburgh
134,15228,Pittsburgh
135,15229,Pittsburgh
136,15230,Pittsburgh
137,15231,Pittsburgh
138,15232,Pittsburgh
139,15233,Pittsburgh
140,15234,Pittsburgh
141,15235,Pittsburgh
142,15236,Pittsburgh
143,15237,Pittsburgh
144,15238,Pittsburgh
145,15239,Pittsburgh
146,15240,Pittsburgh
147,15241,Pittsburgh
148,15242,Pittsburgh
149,15243,Pittsburgh
150,15244,Pittsburgh
151,15250,Pittsburgh
152,15251,Pittsburgh
153,15252,Pittsburgh
154,15253,Pittsburgh
155,15254,Pittsburgh
156,15255,Pittsburgh
157,15257,Pittsburgh
158,15258,Pittsburgh
159,15259,Pittsburgh
160,15260,Pittsburgh
161,15261,Pittsburgh
162,15262,Pittsburgh
163,15263,Pittsburgh
164,15264,Pittsburgh
165,15265,Pittsburgh
166,15267,Pittsburgh
167,15268,Pittsburgh
168,15270,Pittsburgh
169,15272,Pittsburgh
170,15274,Pittsburgh
171,15275,Pittsburgh
172,15276,Pittsburgh
173,15277,Pittsburgh
174,15278,Pittsburgh
175,15279,Pittsburgh
176,15281,Pittsburgh
177,15282,Pittsburgh
178,15283,Pittsburgh
179,15285,Pittsburgh
180,15286,Pittsburgh
181,15289,Pittsburgh
182,15290,Pittsburgh
183,15295,Pittsburgh
184,15301,Washington
185,15310,Aleppo
186,15311,Amity
187,15312,Avella
188,15313,Beallsville
189,15314,Bentleyville
190,15315,Bobtown
191,15316,Brave
192,15317,Canonsburg
193,15320,Carmichaels
194,15321,Cecil
195,15322,Clarksville
196,15323,Claysville
197,15324,Cokeburg
198,15325,Crucible
199,15327,Dilliner
200,15329,Prosperity
201,15330,Eighty Four
202,15331,Ellsworth
203,15332,Finleyville
204,15333,Fredericktown
205,15334,Garards Fort
206,15336,Gastonville
207,15337,Graysville
208,15338,Greensboro
209,15339,Hendersonville
210,15340,Hickory
211,15341,Holbrook
212,15342,Houston
213,15344,Jefferson
214,15345,Marianna
215,15346,Mather
216,15347,Meadow Lands
217,15348,Millsboro
218,15349,Mount Morris
219,15350,Muse
220,15351,Nemacolin
221,15352,New Freeport
222,15353,Nineveh
223,15357,Rices Landing
224,15358,Richeyville
225,15359,Rogersville
226,15360,Scenery Hill
227,15361,Southview
228,15362,Spraggs
229,15363,Strabane
230,15364,Sycamore
231,15365,Taylorstown
232,15366,Van Voorhis
233,15367,Venetia
234,15368,Vestaburg
235,15370,Waynesburg
236,15376,West Alexander
237,15377,West Finley
238,15378,Westland
239,15379,West Middletown
240,15380,Wind Ridge
241,15401,Uniontown
242,15410,Adah
243,15411,Addison
244,15412,Allenport
245,15413,Allison
246,15415,Brier Hill
247,15416,Brownfield
248,15417,Brownsville
249,15419,California
250,15420,Cardale
251,15421,Chalk Hill
252,15422,Chestnut Ridge
253,15423,Coal Center
254,15424,Confluence
255,15425,Connellsville
256,15427,Daisytown
257,15428,Dawson
258,15429,Denbo
259,15430,Dickerson Run
260,15431,Dunbar
261,15432,Dunlevy
262,15433,East Millsboro
263,15434,Elco
264,15435,Fairbank
265,15436,Fairchance
266,15437,Farmington
267,15438,Fayette City
268,15439,Gans
269,15440,Gibbon Glade
270,15442,Grindstone
271,15443,Hibbs
272,15444,Hiller
273,15445,Hopwood
274,15446,Indian Head
275,15447,Isabella
276,15448,Jacobs Creek
277,15449,Keisterville
278,15450,La Belle
279,15451,Lake Lynn
280,15454,Leckrone
281,15455,Leisenring
282,15456,Lemont Furnace
283,15458,Mc Clellandtown
284,15459,Markleysburg
285,15460,Martin
286,15461,Masontown
287,15462,Melcroft
288,15463,Merrittstown
289,15464,Mill Run
290,15465,Mount Braddock
291,15466,Newell
292,15467,New Geneva
293,15468,New Salem
294,15469,Normalville
295,15470,Ohiopyle
296,15472,Oliver
297,15473,Perryopolis
298,15474,Point Marion
299,15475,Republic
300,15476,Ronco
301,15477,Roscoe
302,15478,Smithfield
303,15479,Smithton
304,15480,Smock
305,15482,Star Junction
306,15483,Stockdale
307,15484,Uledi
308,15485,Ursina
309,15486,Vanderbilt
310,15488,Waltersburg
311,15489,West Leisenring
312,15490,White
313,15492,Wickhaven
314,15501,Somerset
315,15502,Hidden Valley
316,15510,Somerset
317,15520,Acosta
318,15521,Alum Bank
319,15522,Bedford
320,15530,Berlin
321,15531,Boswell
322,15532,Boynton
323,15533,Breezewood
324,15534,Buffalo Mills
325,15535,Clearville
326,15536,Crystal Spring
327,15537,Everett
328,15538,Fairhope
329,15539,Fishertown
330,15540,Fort Hill
331,15541,Friedens
332,15542,Garrett
333,15544,Gray
334,15545,Hyndman
335,15546,Jenners
336,15547,Jennerstown
337,15548,Kantner
338,15549,Listie
339,15550,Manns Choice
340,15551,Markleton
341,15552,Meyersdale
342,15553,New Baltimore
343,15554,New Paris
344,15555,Quecreek
345,15557,Rockwood
346,15558,Salisbury
347,15559,Schellsburg
348,15560,Shanksville
349,15561,Sipesville
350,15562,Springs
351,15563,Stoystown
352,15564,Wellersburg
353,15565,West Salisbury
354,15601,Greensburg
355,15605,Greensburg
356,15606,Greensburg
357,15610,Acme
358,15611,Adamsburg
359,15612,Alverton
360,15613,Apollo
361,15615,Ardara
362,15616,Armbrust
363,15617,Arona
364,15618,Avonmore
365,15619,Bovard
366,15620,Bradenville
367,15621,Calumet
368,15622,Champion
369,15623,Claridge
370,15624,Crabtree
371,15625,Darragh
372,15626,Delmont
373,15627,Derry
374,15628,Donegal
375,15629,East Vandergrift
376,15631,Everson
377,15632,Export
378,15633,Forbes Road
379,15634,Grapeville
380,15635,Hannastown
381,15636,Harrison City
382,15637,Herminie
383,15638,Hostetter
384,15639,Hunker
385,15640,Hutchinson
386,15641,Hyde Park
387,15642,Irwin
388,15644,Jeannette
389,15646,Jones Mills
390,15647,Larimer
391,15650,Latrobe
392,15655,Laughlintown
393,15656,Leechburg
394,15658,Ligonier
395,15660,Lowber
396,15661,Loyalhanna
397,15662,Luxor
398,15663,Madison
399,15664,Mammoth
400,15665,Manor
401,15666,Mount Pleasant
402,15668,Murrysville
403,15670,New Alexandria
404,15671,New Derry
405,15672,New Stanton
406,15673,North Apollo
407,15674,Norvelt
408,15675,Penn
409,15676,Pleasant Unity
410,15677,Rector
411,15678,Rillton
412,15679,Ruffs Dale
413,15680,Salina
414,15681,Saltsburg
415,15682,Schenley
416,15683,Scottdale
417,15684,Slickville
418,15685,Southwest
419,15686,Spring Church
420,15687,Stahlstown
421,15688,Tarrs
422,15689,United
423,15690,Vandergrift
424,15691,Wendel
425,15692,Westmoreland City
426,15693,Whitney
427,15695,Wyano
428,15696,Youngstown
429,15697,Youngwood
430,15698,Yukon
431,15701,Indiana
432,15705,Indiana
433,15710,Alverda
434,15711,Anita
435,15712,Arcadia
436,15713,Aultman
437,15714,Northern Cambria
438,15715,Big Run
439,15716,Black Lick
440,15717,Blairsville
441,15720,Brush Valley
442,15721,Burnside
443,15722,Carrolltown
444,15723,Chambersville
445,15724,Cherry Tree
446,15725,Clarksburg
447,15727,Clune
448,15728,Clymer
449,15729,Commodore
450,15730,Coolspring
451,15731,Coral
452,15732,Creekside
453,15733,De Lancey
454,15734,Dixonville
455,15736,Elderton
456,15737,Elmora
457,15738,Emeigh
458,15739,Ernest
459,15740,Frostburg
460,15741,Gipsy
461,15742,Glen Campbell
462,15744,Hamilton
463,15745,Heilwood
464,15746,Hillsdale
465,15747,Home
466,15748,Homer City
467,15750,Josephine
468,15752,Kent
469,15753,La Jose
470,15754,Lucernemines
471,15756,Mc Intyre
472,15757,Mahaffey
473,15758,Marchand
474,15759,Marion Center
475,15760,Marsteller
476,15761,Mentcle
477,15762,Nicktown
478,15763,Northpoint
479,15764,Oliveburg
480,15765,Penn Run
481,15767,Punxsutawney
482,15770,Ringgold
483,15771,Rochester Mills
484,15772,Rossiter
485,15773,Saint Benedict
486,15774,Shelocta
487,15775,Spangler
488,15776,Sprankle Mills
489,15777,Starford
490,15778,Timblin
491,15779,Torrance
492,15780,Valier
493,15781,Walston
494,15783,West Lebanon
495,15784,Worthville
496,15801,Du Bois
497,15821,Benezett
498,15822,Brandy Camp
499,15823,Brockport
500,15824,Brockway
501,15825,Brookville
502,15827,Byrnedale
503,15828,Clarington
504,15829,Corsica
505,15831,Dagus Mines
506,15832,Driftwood
507,15834,Emporium
508,15840,Falls Creek
509,15841,Force
510,15845,Johnsonburg
511,15846,Kersey
512,15847,Knox Dale
513,15848,Luthersburg
514,15849,Penfield
515,15851,Reynoldsville
516,15853,Ridgway
517,15856,Rockton
518,15857,Saint Marys
519,15860,Sigel
520,15861,Sinnamahoning
521,15863,Stump Creek
522,15864,Summerville
523,15865,Sykesville
524,15866,Troutville
525,15868,Weedville
526,15870,Wilcox
527,15901,Johnstown
528,15902,Johnstown
529,15904,Johnstown
530,15905,Johnstown
531,15906,Johnstown
532,15907,Johnstown
533,15909,Johnstown
534,15915,Johnstown
535,15920,Armagh
536,15921,Beaverdale
537,15922,Belsano
538,15923,Bolivar
539,15924,Cairnbrook
540,15925,Cassandra
541,15926,Central City
542,15927,Colver
543,15928,Davidsville
544,15929,Dilltown
545,15930,Dunlo
546,15931,Ebensburg
547,15934,Elton
548,15935,Hollsopple
549,15936,Hooversville
550,15937,Jerome
551,15938,Lilly
552,15940,Loretto
553,15942,Mineral Point
554,15943,Nanty Glo
555,15944,New Florence
556,15945,Parkhill
557,15946,Portage
558,15948,Revloc
559,15949,Robinson
560,15951,Saint Michael
561,15952,Salix
562,15953,Seanor
563,15954,Seward
564,15955,Sidman
565,15956,South Fork
566,15957,Strongstown
567,15958,Summerhill
568,15959,Tire Hill
569,15960,Twin Rocks
570,15961,Vintondale
571,15962,Wilmore
572,15963,Windber
573,16001,Butler
574,16002,Butler
575,16003,Butler
576,16016,Boyers
577,16017,Boyers
578,16018,Boyers
579,16020,Boyers
580,16021,Branchton
581,16022,Bruin
582,16023,Cabot
583,16024,Callery
584,16025,Chicora
585,16027,Connoquenessing
586,16028,East Brady
587,16029,East Butler
588,16030,Eau Claire
589,16033,Evans City
590,16034,Fenelton
591,16035,Forestville
592,16036,Foxburg
593,16037,Harmony
594,16038,Harrisville
595,16039,Herman
596,16040,Hilliards
597,16041,Karns City
598,16045,Lyndora
599,16046,Mars
600,16048,North Washington
601,16049,Parker
602,16050,Petrolia
603,16051,Portersville
604,16052,Prospect
605,16053,Renfrew
606,16054,Saint Petersburg
607,16055,Sarver
608,16056,Saxonburg
609,16057,Slippery Rock
610,16058,Turkey City
611,16059,Valencia
612,16061,West Sunbury
613,16063,Zelienople
614,16066,Cranberry Twp
615,16101,New Castle
616,16102,New Castle
617,16103,New Castle
618,16105,New Castle
619,16107,New Castle
620,16108,New Castle
621,16110,Adamsville
622,16111,Atlantic
623,16112,Bessemer
624,16113,Clark
625,16114,Clarks Mills
626,16115,Darlington
627,16116,Edinburg
628,16117,Ellwood City
629,16120,Enon Valley
630,16121,Farrell
631,16123,Fombell
632,16124,Fredonia
633,16125,Greenville
634,16127,Grove City
635,16130,Hadley
636,16131,Hartstown
637,16132,Hillsville
638,16133,Jackson Center
639,16134,Jamestown
640,16136,Koppel
641,16137,Mercer
642,16140,New Bedford
643,16141,New Galilee
644,16142,New Wilmington
645,16143,Pulaski
646,16145,Sandy Lake
647,16146,Sharon
648,16148,Hermitage
649,16150,Sharpsville
650,16151,Sheakleyville
651,16153,Stoneboro
652,16154,Transfer
653,16155,Villa Maria
654,16156,Volant
655,16157,Wampum
656,16159,West Middlesex
657,16160,West Pittsburg
658,16161,Wheatland
659,16172,New Wilmington
660,16201,Kittanning
661,16210,Adrian
662,16211,Beyer
663,16212,Cadogan
664,16213,Callensburg
665,16214,Clarion
666,16215,Kittanning
667,16217,Cooksburg
668,16218,Cowansville
669,16220,Crown
670,16221,Curllsville
671,16222,Dayton
672,16223,Distant
673,16224,Fairmount City
674,16225,Fisher
675,16226,Ford City
676,16228,Ford Cliff
677,16229,Freeport
678,16230,Hawthorn
679,16232,Knox
680,16233,Leeper
681,16234,Limestone
682,16235,Lucinda
683,16236,Mc Grann
684,16238,Manorville
685,16239,Marienville
686,16240,Mayport
687,16242,New Bethlehem
688,16244,Nu Mine
689,16245,Oak Ridge
690,16246,Plumville
691,16248,Rimersburg
692,16249,Rural Valley
693,16250,Sagamore
694,16253,Seminole
695,16254,Shippenville
696,16255,Sligo
697,16256,Smicksburg
698,16257,Snydersburg
699,16258,Strattanville
700,16259,Templeton
701,16260,Vowinckel
702,16261,Widnoon
703,16262,Worthington
704,16263,Yatesboro
705,16301,Oil City
706,16311,Carlton
707,16312,Chandlers Valley
708,16313,Clarendon
709,16314,Cochranton
710,16316,Conneaut Lake
711,16317,Cooperstown
712,16319,Cranberry
713,16321,East Hickory
714,16322,Endeavor
715,16323,Franklin
716,16326,Fryburg
717,16327,Guys Mills
718,16328,Hydetown
719,16329,Irvine
720,16331,Kossuth
721,16332,Lickingville
722,16333,Ludlow
723,16334,Marble
724,16335,Meadville
725,16340,Pittsfield
726,16341,Pleasantville
727,16342,Polk
728,16343,Reno
729,16344,Rouseville
730,16345,Russell
731,16346,Seneca
732,16347,Sheffield
733,16350,Sugar Grove
734,16351,Tidioute
735,16352,Tiona
736,16353,Tionesta
737,16354,Titusville
738,16360,Townville
739,16361,Tylersburg
740,16362,Utica
741,16364,Venus
742,16365,Warren
743,16366,Warren
744,16367,Warren
745,16368,Warren
746,16369,Warren
747,16370,West Hickory
748,16371,Youngsville
749,16372,Clintonville
750,16373,Emlenton
751,16374,Kennerdell
752,16375,Lamartine
753,16388,Meadville
754,16401,Albion
755,16402,Bear Lake
756,16403,Cambridge Springs
757,16404,Centerville
758,16405,Columbus
759,16406,Conneautville
760,16407,Corry
761,16410,Cranesville
762,16411,East Springfield
763,16412,Edinboro
764,16413,Elgin
765,16415,Fairview
766,16416,Garland
767,16417,Girard
768,16420,Grand Valley
769,16421,Harborcreek
770,16422,Harmonsburg
771,16423,Lake City
772,16424,Linesville
773,16426,Mc Kean
774,16427,Mill Village
775,16428,North East
776,16430,North Springfield
777,16432,Riceville
778,16433,Saegertown
779,16434,Spartansburg
780,16435,Springboro
781,16436,Spring Creek
782,16438,Union City
783,16440,Venango
784,16441,Waterford
785,16442,Wattsburg
786,16443,West Springfield
787,16444,Edinboro
788,16475,Albion
789,16501,Erie
790,16502,Erie
791,16503,Erie
792,16504,Erie
793,16505,Erie
794,16506,Erie
795,16507,Erie
796,16508,Erie
797,16509,Erie
798,16510,Erie
799,16511,Erie
800,16512,Erie
801,16514,Erie
802,16515,Erie
803,16522,Erie
804,16530,Erie
805,16531,Erie
806,16532,Erie
807,16533,Erie
808,16534,Erie
809,16538,Erie
810,16541,Erie
811,16544,Erie
812,16546,Erie
813,16550,Erie
814,16553,Erie
815,16554,Erie
816,16563,Erie
817,16565,Erie
818,16601,Altoona
819,16602,Altoona
820,16603,Altoona
821,16611,Alexandria
822,16613,Ashville
823,16616,Beccaria
824,16617,Bellwood
825,16619,Blandburg
826,16620,Brisbin
827,16621,Broad Top
828,16622,Calvin
829,16623,Cassville
830,16624,Chest Springs
831,16625,Claysburg
832,16627,Coalport
833,16629,Coupon
834,16630,Cresson
835,16631,Curryville
836,16633,Defiance
837,16634,Dudley
838,16635,Duncansville
839,16636,Dysart
840,16637,East Freedom
841,16638,Entriken
842,16639,Fallentimber
843,16640,Flinton
844,16641,Gallitzin
845,16644,Glasgow
846,16645,Glen Hope
847,16646,Hastings
848,16647,Hesston
849,16648,Hollidaysburg
850,16650,Hopewell
851,16651,Houtzdale
852,16652,Huntingdon
853,16654,Huntingdon
854,16655,Imler
855,16656,Irvona
856,16657,James Creek
857,16659,Loysburg
858,16660,Mc Connellstown
859,16661,Madera
860,16662,Martinsburg
861,16663,Morann
862,16664,New Enterprise
863,16665,Newry
864,16666,Osceola Mills
865,16667,Osterburg
866,16667,St Clairsville
867,16668,Patton
868,16669,Petersburg
869,16670,Queen
870,16671,Ramey
871,16672,Riddlesburg
872,16673,Roaring Spring
873,16674,Robertsdale
874,16675,Saint Boniface
875,16677,Sandy Ridge
876,16678,Saxton
877,16679,Six Mile Run
878,16680,Smithmill
879,16681,Smokerun
880,16682,Sproul
881,16683,Spruce Creek
882,16684,Tipton
883,16685,Todd
884,16686,Tyrone
885,16689,Waterfall
886,16691,Wells Tannery
887,16692,Westover
888,16693,Williamsburg
889,16694,Wood
890,16695,Woodbury
891,16698,Houtzdale
892,16699,Cresson
893,16701,Bradford
894,16720,Austin
895,16724,Crosby
896,16725,Custer City
897,16726,Cyclone
898,16727,Derrick City
899,16728,De Young
900,16729,Duke Center
901,16730,East Smethport
902,16731,Eldred
903,16732,Gifford
904,16733,Hazel Hurst
905,16734,James City
906,16735,Kane
907,16738,Lewis Run
908,16740,Mount Jewett
909,16743,Port Allegany
910,16744,Rew
911,16745,Rixford
912,16746,Roulette
913,16748,Shinglehouse
914,16749,Smethport
915,16750,Turtlepoint
916,16801,State College
917,16802,University Park
918,16803,State College
919,16804,State College
920,16805,State College
921,16820,Aaronsburg
922,16821,Allport
923,16822,Beech Creek
924,16823,Bellefonte
925,16825,Bigler
926,16826,Blanchard
927,16827,Boalsburg
928,16828,Centre Hall
929,16829,Clarence
930,16830,Clearfield
931,16832,Coburn
932,16833,Curwensville
933,16834,Drifting
934,16835,Fleming
935,16836,Frenchville
936,16837,Glen Richey
937,16838,Grampian
938,16839,Grassflat
939,16840,Hawk Run
940,16841,Howard
941,16843,Hyde
942,16844,Julian
943,16845,Karthaus
944,16847,Kylertown
945,16848,Lamar
946,16849,Lanse
947,16850,Lecontes Mills
948,16851,Lemont
949,16852,Madisonburg
950,16853,Milesburg
951,16854,Millheim
952,16855,Mineral Springs
953,16856,Mingoville
954,16858,Morrisdale
955,16859,Moshannon
956,16860,Munson
957,16861,New Millport
958,16863,Olanta
959,16864,Orviston
960,16865,Pennsylvania Furnace
961,16866,Philipsburg
962,16868,Pine Grove Mills
963,16870,Port Matilda
964,16871,Pottersdale
965,16872,Rebersburg
966,16873,Shawville
967,16874,Snow Shoe
968,16875,Spring Mills
969,16876,Wallaceton
970,16877,Warriors Mark
971,16878,West Decatur
972,16879,Winburne
973,16881,Woodland
974,16882,Woodward
975,16901,Wellsboro
976,16910,Alba
977,16911,Arnot
978,16912,Blossburg
979,16914,Columbia Cross Roads
980,16915,Coudersport
981,16917,Covington
982,16918,Cowanesque
983,16920,Elkland
984,16921,Gaines
985,16922,Galeton
986,16923,Genesee
987,16925,Gillett
988,16926,Granville Summit
989,16927,Harrison Valley
990,16928,Knoxville
991,16929,Lawrenceville
992,16930,Liberty
993,16932,Mainesburg
994,16933,Mansfield
995,16935,Middlebury Center
996,16936,Millerton
997,16937,Mills
998,16938,Morris
999,16939,Morris Run
1000,16940,Nelson
1001,16941,Genesee
1002,16942,Osceola
1003,16943,Sabinsville
1004,16945,Sylvania
1005,16946,Tioga
1006,16947,Troy
1007,16948,Ulysses
1008,16950,Westfield
1009,17001,Camp Hill
1010,17002,Allensville
1011,17003,Annville
1012,17004,Belleville
1013,17005,Berrysburg
1014,17006,Blain
1015,17007,Boiling Springs
1016,17008,Bowmansdale
1017,17009,Burnham
1018,17010,Campbelltown
1019,17011,Camp Hill
1020,17012,Camp Hill
1021,17013,Carlisle
1022,17014,Cocolamus
1023,17015,Carlisle
1024,17016,Cornwall
1025,17017,Dalmatia
1026,17018,Dauphin
1027,17019,Dillsburg
1028,17020,Duncannon
1029,17021,East Waterford
1030,17022,Elizabethtown
1031,17023,Elizabethville
1032,17024,Elliottsburg
1033,17025,Enola
1034,17026,Fredericksburg
1035,17027,Grantham
1036,17028,Grantville
1037,17029,Granville
1038,17030,Gratz
1039,17032,Halifax
1040,17033,Hershey
1041,17034,Highspire
1042,17035,Honey Grove
1043,17036,Hummelstown
1044,17037,Ickesburg
1045,17038,Jonestown
1046,17039,Kleinfeltersville
1047,17040,Landisburg
1048,17041,Lawn
1049,17042,Lebanon
1050,17043,Lemoyne
1051,17044,Lewistown
1052,17045,Liverpool
1053,17046,Lebanon
1054,17047,Loysville
1055,17048,Lykens
1056,17049,Mc Alisterville
1057,17050,Mechanicsburg
1058,17051,Mc Veytown
1059,17052,Mapleton Depot
1060,17053,Marysville
1061,17054,Mattawana
1062,17055,Mechanicsburg
1063,17056,Mexico
1064,17057,Middletown
1065,17058,Mifflin
1066,17059,Mifflintown
1067,17060,Mill Creek
1068,17061,Millersburg
1069,17062,Millerstown
1070,17063,Milroy
1071,17064,Mount Gretna
1072,17065,Mount Holly Springs
1073,17066,Mount Union
1074,17067,Myerstown
1075,17068,New Bloomfield
1076,17069,New Buffalo
1077,17070,New Cumberland
1078,17071,New Germantown
1079,17072,New Kingstown
1080,17073,Newmanstown
1081,17074,Newport
1082,17075,Newton Hamilton
1083,17076,Oakland Mills
1084,17077,Ono
1085,17078,Palmyra
1086,17080,Pillow
1087,17081,Plainfield
1088,17082,Port Royal
1089,17083,Quentin
1090,17084,Reedsville
1091,17085,Rexmont
1092,17086,Richfield
1093,17087,Richland
1094,17088,Schaefferstown
1095,17089,Camp Hill
1096,17090,Shermans Dale
1097,17091,Lebanon
1098,17093,Summerdale
1099,17094,Thompsontown
1100,17097,Wiconisco
1101,17098,Williamstown
1102,17099,Yeagertown
1103,17101,Harrisburg
1104,17102,Harrisburg
1105,17103,Harrisburg
1106,17104,Harrisburg
1107,17105,Harrisburg
1108,17106,Harrisburg
1109,17107,Harrisburg
1110,17108,Harrisburg
1111,17109,Harrisburg
1112,17110,Harrisburg
1113,17111,Harrisburg
1114,17112,Harrisburg
1115,17113,Harrisburg
1116,17120,Harrisburg
1117,17121,Harrisburg
1118,17122,Harrisburg
1119,17123,Harrisburg
1120,17124,Harrisburg
1121,17125,Harrisburg
1122,17126,Harrisburg
1123,17127,Harrisburg
1124,17128,Harrisburg
1125,17129,Harrisburg
1126,17130,Harrisburg
1127,17140,Harrisburg
1128,17177,Harrisburg
1129,17201,Chambersburg
1130,17210,Amberson
1131,17211,Artemas
1132,17212,Big Cove Tannery
1133,17213,Blairs Mills
1134,17214,Blue Ridge Summit
1135,17215,Burnt Cabins
1136,17217,Concord
1137,17219,Doylesburg
1138,17220,Dry Run
1139,17221,Fannettsburg
1140,17222,Fayetteville
1141,17223,Fort Littleton
1142,17224,Fort Loudon
1143,17225,Greencastle
1144,17228,Harrisonville
1145,17229,Hustontown
1146,17231,Lemasters
1147,17232,Lurgan
1148,17233,Mc Connellsburg
1149,17235,Marion
1150,17236,Mercersburg
1151,17237,Mont Alto
1152,17238,Needmore
1153,17239,Neelyton
1154,17240,Newburg
1155,17241,Newville
1156,17243,Orbisonia
1157,17244,Orrstown
1158,17246,Pleasant Hall
1159,17247,Quincy
1160,17249,Rockhill Furnace
1161,17250,Rouzerville
1162,17251,Roxbury
1163,17252,Saint Thomas
1164,17253,Saltillo
1165,17254,Scotland
1166,17255,Shade Gap
1167,17256,Shady Grove
1168,17257,Shippensburg
1169,17260,Shirleysburg
1170,17261,South Mountain
1171,17262,Spring Run
1172,17263,State Line
1173,17264,Three Springs
1174,17265,Upperstrasburg
1175,17266,Walnut Bottom
1176,17267,Warfordsburg
1177,17268,Waynesboro
1178,17270,Williamson
1179,17271,Willow Hill
1180,17272,Zullinger
1181,17301,Abbottstown
1182,17302,Airville
1183,17303,Arendtsville
1184,17304,Aspers
1185,17306,Bendersville
1186,17307,Biglerville
1187,17309,Brogue
1188,17310,Cashtown
1189,17311,Codorus
1190,17312,Craley
1191,17313,Dallastown
1192,17314,Delta
1193,17315,Dover
1194,17316,East Berlin
1195,17317,East Prospect
1196,17318,Emigsville
1197,17319,Etters
1198,17320,Fairfield
1199,17321,Fawn Grove
1200,17322,Felton
1201,17323,Franklintown
1202,17324,Gardners
1203,17325,Gettysburg
1204,17326,Gettysburg
1205,17327,Glen Rock
1206,17329,Glenville
1207,17331,Hanover
1208,17332,Hanover
1209,17333,Hanover
1210,17334,Hanover
1211,17337,Idaville
1212,17339,Lewisberry
1213,17340,Littlestown
1214,17342,Loganville
1215,17343,Mc Knightstown
1216,17344,Mc Sherrystown
1217,17345,Manchester
1218,17347,Mount Wolf
1219,17349,New Freedom
1220,17350,New Oxford
1221,17352,New Park
1222,17353,Orrtanna
1223,17354,Porters Sideling
1224,17355,Railroad
1225,17356,Red Lion
1226,17358,Rossville
1227,17360,Seven Valleys
1228,17361,Shrewsbury
1229,17362,Spring Grove
1230,17363,Stewartstown
1231,17364,Thomasville
1232,17365,Wellsville
1233,17366,Windsor
1234,17368,Wrightsville
1235,17370,York Haven
1236,17371,York New Salem
1237,17372,York Springs
1238,17375,Peach Glen
1239,17401,York
1240,17402,York
1241,17403,York
1242,17404,York
1243,17405,York
1244,17406,York
1245,17407,York
1246,17408,York
1247,17415,York
1248,17501,Akron
1249,17502,Bainbridge
1250,17503,Bart
1251,17504,Bausman
1252,17505,Bird In Hand
1253,17506,Blue Ball
1254,17507,Bowmansville
1255,17508,Brownstown
1256,17509,Christiana
1257,17512,Columbia
1258,17516,Conestoga
1259,17517,Denver
1260,17518,Drumore
1261,17519,East Earl
1262,17520,East Petersburg
1263,17521,Elm
1264,17522,Ephrata
1265,17527,Gap
1266,17528,Goodville
1267,17529,Gordonville
1268,17532,Holtwood
1269,17533,Hopeland
1270,17534,Intercourse
1271,17535,Kinzers
1272,17536,Kirkwood
1273,17537,Lampeter
1274,17538,Landisville
1275,17540,Leola
1276,17543,Lititz
1277,17545,Manheim
1278,17547,Marietta
1279,17549,Martindale
1280,17550,Maytown
1281,17551,Millersville
1282,17552,Mount Joy
1283,17554,Mountville
1284,17555,Narvon
1285,17557,New Holland
1286,17560,New Providence
1287,17562,Paradise
1288,17563,Peach Bottom
1289,17564,Penryn
1290,17565,Pequea
1291,17566,Quarryville
1292,17567,Reamstown
1293,17568,Refton
1294,17569,Reinholds
1295,17570,Rheems
1296,17572,Ronks
1297,17573,Ronks
1298,17575,Silver Spring
1299,17576,Smoketown
1300,17578,Stevens
1301,17579,Strasburg
1302,17580,Talmage
1303,17581,Terre Hill
1304,17582,Washington Boro
1305,17583,West Willow
1306,17584,Willow Street
1307,17585,Witmer
1308,17601,Lancaster
1309,17602,Lancaster
1310,17603,Lancaster
1311,17604,Lancaster
1312,17605,Lancaster
1313,17606,Lancaster
1314,17607,Lancaster
1315,17608,Lancaster
1316,17611,Lancaster
1317,17699,Lancaster
1318,17701,Williamsport
1319,17702,Williamsport
1320,17703,Williamsport
1321,17705,Williamsport
1322,17720,Antes Fort
1323,17721,Avis
1324,17723,Cammal
1325,17724,Canton
1326,17726,Castanea
1327,17727,Cedar Run
1328,17728,Cogan Station
1329,17729,Cross Fork
1330,17730,Dewart
1331,17731,Eagles Mere
1332,17735,Grover
1333,17737,Hughesville
1334,17738,Hyner
1335,17739,Jersey Mills
1336,17740,Jersey Shore
1337,17742,Lairdsville
1338,17744,Linden
1339,17745,Lock Haven
1340,17747,Loganton
1341,17748,Mc Elhattan
1342,17749,Mc Ewensville
1343,17750,Mackeyville
1344,17751,Mill Hall
1345,17752,Montgomery
1346,17754,Montoursville
1347,17756,Muncy
1348,17758,Muncy Valley
1349,17760,North Bend
1350,17762,Picture Rocks
1351,17763,Ralston
1352,17764,Renovo
1353,17765,Roaring Branch
1354,17767,Salona
1355,17768,Shunk
1356,17769,Slate Run
1357,17771,Trout Run
1358,17772,Turbotville
1359,17773,Tylersville
1360,17774,Unityville
1361,17776,Waterville
1362,17777,Watsontown
1363,17778,Westport
1364,17779,Woolrich
1365,17801,Sunbury
1366,17810,Allenwood
1367,17812,Beaver Springs
1368,17813,Beavertown
1369,17814,Benton
1370,17815,Bloomsburg
1371,17820,Catawissa
1372,17821,Danville
1373,17822,Danville
1374,17823,Dornsife
1375,17824,Elysburg
1376,17827,Freeburg
1377,17829,Hartleton
1378,17830,Herndon
1379,17831,Hummels Wharf
1380,17832,Marion Heights
1381,17833,Kreamer
1382,17834,Kulpmont
1383,17835,Laurelton
1384,17836,Leck Kill
1385,17837,Lewisburg
1386,17839,Lightstreet
1387,17840,Locust Gap
1388,17841,Mc Clure
1389,17842,Middleburg
1390,17843,Beaver Springs
1391,17844,Mifflinburg
1392,17845,Millmont
1393,17846,Millville
1394,17847,Milton
1395,17850,Montandon
1396,17851,Mount Carmel
1397,17853,Mount Pleasant Mills
1398,17855,New Berlin
1399,17856,New Columbia
1400,17857,Northumberland
1401,17858,Numidia
1402,17859,Orangeville
1403,17860,Paxinos
1404,17861,Paxtonville
1405,17862,Penns Creek
1406,17864,Port Trevorton
1407,17865,Potts Grove
1408,17866,Coal Township
1409,17867,Rebuck
1410,17868,Riverside
1411,17870,Selinsgrove
1412,17872,Shamokin
1413,17876,Shamokin Dam
1414,17877,Snydertown
1415,17878,Stillwater
1416,17880,Swengel
1417,17881,Trevorton
1418,17882,Troxelville
1419,17883,Vicksburg
1420,17884,Washingtonville
1421,17885,Weikert
1422,17886,West Milton
1423,17887,White Deer
1424,17888,Wilburton
1425,17889,Winfield
1426,17901,Pottsville
1427,17920,Aristes
1428,17921,Ashland
1429,17922,Auburn
1430,17923,Branchdale
1431,17925,Brockton
1432,17929,Cressona
1433,17930,Cumbola
1434,17931,Frackville
1435,17932,Frackville
1436,17933,Friedensburg
1437,17934,Gilberton
1438,17935,Girardville
1439,17936,Gordon
1440,17938,Hegins
1441,17941,Klingerstown
1442,17942,Landingville
1443,17943,Lavelle
1444,17944,Llewellyn
1445,17945,Locustdale
1446,17946,Lost Creek
1447,17948,Mahanoy City
1448,17949,Mahanoy Plane
1449,17951,Mar Lin
1450,17952,Mary D
1451,17953,Middleport
1452,17954,Minersville
1453,17957,Muir
1454,17959,New Philadelphia
1455,17960,New Ringgold
1456,17961,Orwigsburg
1457,17963,Pine Grove
1458,17964,Pitman
1459,17965,Port Carbon
1460,17966,Ravine
1461,17967,Ringtown
1462,17968,Sacramento
1463,17970,Saint Clair
1464,17972,Schuylkill Haven
1465,17974,Seltzer
1466,17976,Shenandoah
1467,17978,Spring Glen
1468,17979,Summit Station
1469,17980,Tower City
1470,17981,Tremont
1471,17982,Tuscarora
1472,17983,Valley View
1473,17985,Zion Grove
1474,18001,Lehigh Valley
1475,18002,Lehigh Valley
1476,18003,Lehigh Valley
1477,18010,Ackermanville
1478,18011,Alburtis
1479,18012,Aquashicola
1480,18013,Bangor
1481,18014,Bath
1482,18015,Bethlehem
1483,18016,Bethlehem
1484,18017,Bethlehem
1485,18018,Bethlehem
1486,18020,Bethlehem
1487,18025,Bethlehem
1488,18030,Bowmanstown
1489,18031,Breinigsville
1490,18032,Catasauqua
1491,18034,Center Valley
1492,18035,Cherryville
1493,18036,Coopersburg
1494,18037,Coplay
1495,18038,Danielsville
1496,18039,Durham
1497,18040,Easton
1498,18041,East Greenville
1499,18042,Easton
1500,18043,Easton
1501,18044,Easton
1502,18045,Easton
1503,18046,East Texas
1504,18049,Emmaus
1505,18050,Flicksville
1506,18051,Fogelsville
1507,18052,Whitehall
1508,18053,Germansville
1509,18054,Green Lane
1510,18055,Hellertown
1511,18056,Hereford
1512,18058,Kunkletown
1513,18059,Laurys Station
1514,18060,Limeport
1515,18062,Macungie
1516,18063,Martins Creek
1517,18064,Nazareth
1518,18065,Neffs
1519,18066,New Tripoli
1520,18067,Northampton
1521,18068,Old Zionsville
1522,18069,Orefield
1523,18070,Palm
1524,18071,Palmerton
1525,18072,Pen Argyl
1526,18073,Pennsburg
1527,18074,Perkiomenville
1528,18076,Red Hill
1529,18077,Riegelsville
1530,18078,Schnecksville
1531,18079,Slatedale
1532,18080,Slatington
1533,18081,Springtown
1534,18083,Stockertown
1535,18084,Sumneytown
1536,18085,Tatamy
1537,18086,Treichlers
1538,18087,Trexlertown
1539,18088,Walnutport
1540,18091,Wind Gap
1541,18092,Zionsville
1542,18098,Emmaus
1543,18099,Emmaus
1544,18101,Allentown
1545,18102,Allentown
1546,18103,Allentown
1547,18104,Allentown
1548,18105,Allentown
1549,18106,Allentown
1550,18109,Allentown
1551,18175,Allentown
1552,18195,Allentown
1553,18201,Hazleton
1554,18202,Hazleton
1555,18210,Albrightsville
1556,18211,Andreas
1557,18212,Ashfield
1558,18214,Barnesville
1559,18216,Beaver Meadows
1560,18218,Coaldale
1561,18219,Conyngham
1562,18220,Delano
1563,18221,Drifton
1564,18222,Drums
1565,18223,Ebervale
1566,18224,Freeland
1567,18225,Harleigh
1568,18229,Jim Thorpe
1569,18230,Junedale
1570,18231,Kelayres
1571,18232,Lansford
1572,18234,Lattimer Mines
1573,18235,Lehighton
1574,18237,Mcadoo
1575,18239,Milnesville
1576,18240,Nesquehoning
1577,18241,Nuremberg
1578,18242,Oneida
1579,18244,Parryville
1580,18245,Quakake
1581,18246,Rock Glen
1582,18247,Saint Johns
1583,18248,Sheppton
1584,18249,Sugarloaf
1585,18250,Summit Hill
1586,18251,Sybertsville
1587,18252,Tamaqua
1588,18254,Tresckow
1589,18255,Weatherly
1590,18256,Weston
1591,18301,East Stroudsburg
1592,18302,East Stroudsburg
1593,18320,Analomink
1594,18321,Bartonsville
1595,18322,Brodheadsville
1596,18323,Buck Hill Falls
1597,18324,Bushkill
1598,18325,Canadensis
1599,18326,Cresco
1600,18327,Delaware Water Gap
1601,18328,Dingmans Ferry
1602,18330,Effort
1603,18331,Gilbert
1604,18332,Henryville
1605,18333,Kresgeville
1606,18334,Long Pond
1607,18335,Marshalls Creek
1608,18336,Matamoras
1609,18337,Milford
1610,18340,Millrift
1611,18341,Minisink Hills
1612,18342,Mountainhome
1613,18343,Mount Bethel
1614,18344,Mount Pocono
1615,18346,Pocono Summit
1616,18347,Pocono Lake
1617,18348,Pocono Lake Preserve
1618,18349,Pocono Manor
1619,18350,Pocono Pines
1620,18351,Portland
1621,18352,Reeders
1622,18353,Saylorsburg
1623,18354,Sciota
1624,18355,Scotrun
1625,18356,Shawnee On Delaware
1626,18357,Skytop
1627,18360,Stroudsburg
1628,18370,Swiftwater
1629,18371,Tamiment
1630,18372,Tannersville
1631,18373,Unity House
1632,18403,Archbald
1633,18405,Beach Lake
1634,18407,Carbondale
1635,18410,Chinchilla
1636,18411,Clarks Summit
1637,18413,Clifford
1638,18414,Dalton
1639,18415,Damascus
1640,18416,Elmhurst
1641,18417,Equinunk
1642,18419,Factoryville
1643,18420,Fleetville
1644,18421,Forest City
1645,18424,Gouldsboro
1646,18425,Greeley
1647,18426,Greentown
1648,18427,Hamlin
1649,18428,Hawley
1650,18430,Herrick Center
1651,18431,Honesdale
1652,18433,Jermyn
1653,18434,Jessup
1654,18435,Lackawaxen
1655,18436,Lake Ariel
1656,18437,Lake Como
1657,18438,Lakeville
1658,18439,Lakewood
1659,18440,La Plume
1660,18441,Lenoxville
1661,18443,Milanville
1662,18444,Moscow
1663,18445,Newfoundland
1664,18446,Nicholson
1665,18447,Olyphant
1666,18448,Olyphant
1667,18449,Orson
1668,18451,Paupack
1669,18452,Peckville
1670,18453,Pleasant Mount
1671,18454,Poyntelle
1672,18455,Preston Park
1673,18456,Prompton
1674,18457,Rowland
1675,18458,Shohola
1676,18459,South Canaan
1677,18460,South Sterling
1678,18461,Starlight
1679,18462,Starrucca
1680,18463,Sterling
1681,18464,Tafton
1682,18465,Thompson
1683,18466,Tobyhanna
1684,18469,Tyler Hill
1685,18470,Union Dale
1686,18471,Waverly
1687,18472,Waymart
1688,18473,White Mills
1689,18501,Scranton
1690,18502,Scranton
1691,18503,Scranton
1692,18504,Scranton
1693,18505,Scranton
1694,18507,Moosic
1695,18508,Scranton
1696,18509,Scranton
1697,18510,Scranton
1698,18512,Scranton
1699,18514,Scranton
1700,18515,Scranton
1701,18517,Taylor
1702,18518,Old Forge
1703,18519,Dickson City
1704,18522,Scranton
1705,18540,Scranton
1706,18577,Scranton
1707,18601,Beach Haven
1708,18602,Bear Creek
1709,18603,Berwick
1710,18610,Blakeslee
1711,18611,Cambra
1712,18612,Dallas
1713,18614,Dushore
1714,18615,Falls
1715,18616,Forksville
1716,18617,Glen Lyon
1717,18618,Harveys Lake
1718,18619,Hillsgrove
1719,18621,Hunlock Creek
1720,18622,Huntington Mills
1721,18623,Laceyville
1722,18624,Lake Harmony
1723,18625,Lake Winola
1724,18626,Laporte
1725,18627,Lehman
1726,18628,Lopez
1727,18629,Mehoopany
1728,18630,Meshoppen
1729,18631,Mifflinville
1730,18632,Mildred
1731,18634,Nanticoke
1732,18635,Nescopeck
1733,18636,Noxen
1734,18640,Pittston
1735,18641,Pittston
1736,18642,Duryea
1737,18643,Pittston
1738,18644,Wyoming
1739,18651,Plymouth
1740,18653,Ransom
1741,18654,Shawanese
1742,18655,Shickshinny
1743,18656,Sweet Valley
1744,18657,Tunkhannock
1745,18660,Wapwallopen
1746,18661,White Haven
1747,18690,Dallas
1748,18701,Wilkes Barre
1749,18702,Wilkes Barre
1750,18703,Wilkes Barre
1751,18704,Kingston
1752,18705,Wilkes Barre
1753,18706,Wilkes Barre
1754,18707,Mountain Top
1755,18708,Shavertown
1756,18709,Luzerne
1757,18710,Wilkes Barre
1758,18711,Wilkes Barre
1759,18762,Wilkes Barre
1760,18764,Wilkes Barre
1761,18765,Wilkes Barre
1762,18766,Wilkes Barre
1763,18767,Wilkes Barre
1764,18769,Wilkes Barre
1765,18773,Wilkes Barre
1766,18801,Montrose
1767,18810,Athens
1768,18812,Brackney
1769,18813,Brooklyn
1770,18814,Burlington
1771,18815,Camptown
1772,18816,Dimock
1773,18817,East Smithfield
1774,18818,Friendsville
1775,18820,Gibson
1776,18821,Great Bend
1777,18822,Hallstead
1778,18823,Harford
1779,18824,Hop Bottom
1780,18825,Jackson
1781,18826,Kingsley
1782,18827,Lanesboro
1783,18828,Lawton
1784,18829,Le Raysville
1785,18830,Little Meadows
1786,18831,Milan
1787,18832,Monroeton
1788,18833,New Albany
1789,18834,New Milford
1790,18837,Rome
1791,18840,Sayre
1792,18842,South Gibson
1793,18843,South Montrose
1794,18844,Springville
1795,18845,Stevensville
1796,18846,Sugar Run
1797,18847,Susquehanna
1798,18848,Towanda
1799,18850,Ulster
1800,18851,Warren Center
1801,18853,Wyalusing
1802,18854,Wysox
1803,18901,Doylestown
1804,18902,Doylestown
1805,18910,Bedminster
1806,18911,Blooming Glen
1807,18912,Buckingham
1808,18913,Carversville
1809,18914,Chalfont
1810,18915,Colmar
1811,18916,Danboro
1812,18917,Dublin
1813,18918,Earlington
1814,18920,Erwinna
1815,18921,Ferndale
1816,18922,Forest Grove
1817,18923,Fountainville
1818,18924,Franconia
1819,18925,Furlong
1820,18926,Gardenville
1821,18927,Hilltown
1822,18928,Holicong
1823,18929,Jamison
1824,18930,Kintnersville
1825,18931,Lahaska
1826,18932,Line Lexington
1827,18933,Lumberville
1828,18934,Mechanicsville
1829,18935,Milford Square
1830,18936,Montgomeryville
1831,18938,New Hope
1832,18940,Newtown
1833,18942,Ottsville
1834,18943,Penns Park
1835,18944,Perkasie
1836,18946,Pineville
1837,18947,Pipersville
1838,18949,Plumsteadville
1839,18950,Point Pleasant
1840,18951,Quakertown
1841,18953,Revere
1842,18954,Richboro
1843,18955,Richlandtown
1844,18956,Rushland
1845,18957,Salford
1846,18958,Salfordville
1847,18960,Sellersville
1848,18962,Silverdale
1849,18963,Solebury
1850,18964,Souderton
1851,18966,Southampton
1852,18968,Spinnerstown
1853,18969,Telford
1854,18970,Trumbauersville
1855,18971,Tylersport
1856,18972,Upper Black Eddy
1857,18974,Warminster
1858,18976,Warrington
1859,18977,Washington Crossing
1860,18979,Woxall
1861,18980,Wycombe
1862,18981,Zionhill
1863,18991,Warminster
1864,19001,Abington
1865,19002,Ambler
1866,19003,Ardmore
1867,19004,Bala Cynwyd
1868,19006,Huntingdon Valley
1869,19007,Bristol
1870,19008,Broomall
1871,19009,Bryn Athyn
1872,19010,Bryn Mawr
1873,19012,Cheltenham
1874,19013,Chester
1875,19014,Aston
1876,19015,Brookhaven
1877,19016,Chester
1878,19017,Chester Heights
1879,19018,Clifton Heights
1880,19019,Philadelphia
1881,19020,Bensalem
1882,19021,Croydon
1883,19022,Crum Lynne
1884,19023,Darby
1885,19025,Dresher
1886,19026,Drexel Hill
1887,19027,Elkins Park
1888,19028,Edgemont
1889,19029,Essington
1890,19030,Fairless Hills
1891,19031,Flourtown
1892,19032,Folcroft
1893,19033,Folsom
1894,19034,Fort Washington
1895,19035,Gladwyne
1896,19036,Glenolden
1897,19037,Glen Riddle Lima
1898,19038,Glenside
1899,19039,Gradyville
1900,19040,Hatboro
1901,19041,Haverford
1902,19043,Holmes
1903,19044,Horsham
1904,19046,Jenkintown
1905,19047,Langhorne
1906,19048,Fort Washington
1907,19049,Fort Washington
1908,19050,Lansdowne
1909,19052,Lenni
1910,19053,Feasterville Trevose
1911,19054,Levittown
1912,19055,Levittown
1913,19056,Levittown
1914,19057,Levittown
1915,19058,Levittown
1916,19061,Marcus Hook
1917,19063,Media
1918,19064,Springfield
1919,19065,Media
1920,19066,Merion Station
1921,19067,Morrisville
1922,19070,Morton
1923,19072,Narberth
1924,19073,Newtown Square
1925,19074,Norwood
1926,19075,Oreland
1927,19076,Prospect Park
1928,19078,Ridley Park
1929,19079,Sharon Hill
1930,19080,Wayne
1931,19081,Swarthmore
1932,19082,Upper Darby
1933,19083,Havertown
1934,19085,Villanova
1935,19086,Wallingford
1936,19087,Wayne
1937,19088,Wayne
1938,19089,Wayne
1939,19090,Willow Grove
1940,19091,Media
1941,19092,Philadelphia
1942,19093,Philadelphia
1943,19094,Woodlyn
1944,19095,Wyncote
1945,19096,Wynnewood
1946,19098,Holmes
1947,19099,Philadelphia
1948,19101,Philadelphia
1949,19102,Philadelphia
1950,19103,Philadelphia
1951,19104,Philadelphia
1952,19105,Philadelphia
1953,19106,Philadelphia
1954,19107,Philadelphia
1955,19108,Philadelphia
1956,19109,Philadelphia
1957,19110,Philadelphia
1958,19111,Philadelphia
1959,19112,Philadelphia
1960,19113,Philadelphia
1961,19114,Philadelphia
1962,19115,Philadelphia
1963,19116,Philadelphia
1964,19118,Philadelphia
1965,19119,Philadelphia
1966,19120,Philadelphia
1967,19121,Philadelphia
1968,19122,Philadelphia
1969,19123,Philadelphia
1970,19124,Philadelphia
1971,19125,Philadelphia
1972,19126,Philadelphia
1973,19127,Philadelphia
1974,19128,Philadelphia
1975,19129,Philadelphia
1976,19130,Philadelphia
1977,19131,Philadelphia
1978,19132,Philadelphia
1979,19133,Philadelphia
1980,19134,Philadelphia
1981,19135,Philadelphia
1982,19136,Philadelphia
1983,19137,Philadelphia
1984,19138,Philadelphia
1985,19139,Philadelphia
1986,19140,Philadelphia
1987,19141,Philadelphia
1988,19142,Philadelphia
1989,19143,Philadelphia
1990,19144,Philadelphia
1991,19145,Philadelphia
1992,19146,Philadelphia
1993,19147,Philadelphia
1994,19148,Philadelphia
1995,19149,Philadelphia
1996,19150,Philadelphia
1997,19151,Philadelphia
1998,19152,Philadelphia
1999,19153,Philadelphia
2000,19154,Philadelphia
2001,19155,Philadelphia
2002,19160,Philadelphia
2003,19161,Philadelphia
2004,19162,Philadelphia
2005,19170,Philadelphia
2006,19171,Philadelphia
2007,19172,Philadelphia
2008,19173,Philadelphia
2009,19175,Philadelphia
2010,19176,Philadelphia
2011,19177,Philadelphia
2012,19178,Philadelphia
2013,19179,Philadelphia
2014,19181,Philadelphia
2015,19182,Philadelphia
2016,19183,Philadelphia
2017,19184,Philadelphia
2018,19185,Philadelphia
2019,19187,Philadelphia
2020,19188,Philadelphia
2021,19191,Philadelphia
2022,19192,Philadelphia
2023,19193,Philadelphia
2024,19194,Philadelphia
2025,19195,Philadelphia
2026,19196,Philadelphia
2027,19197,Philadelphia
2028,19244,Philadelphia
2029,19255,Philadelphia
2030,19301,Paoli
2031,19310,Atglen
2032,19311,Avondale
2033,19312,Berwyn
2034,19316,Brandamore
2035,19317,Chadds Ford
2036,19318,Chatham
2037,19319,Cheyney
2038,19320,Coatesville
2039,19330,Cochranville
2040,19331,Concordville
2041,19333,Devon
2042,19335,Downingtown
2043,19339,Concordville
2044,19340,Concordville
2045,19341,Exton
2046,19342,Glen Mills
2047,19343,Glenmoore
2048,19344,Honey Brook
2049,19345,Immaculata
2050,19346,Kelton
2051,19347,Kemblesville
2052,19348,Kennett Square
2053,19350,Landenberg
2054,19351,Lewisville
2055,19352,Lincoln University
2056,19353,Lionville
2057,19354,Lyndell
2058,19355,Malvern
2059,19357,Mendenhall
2060,19358,Modena
2061,19360,New London
2062,19362,Nottingham
2063,19363,Oxford
2064,19365,Parkesburg
2065,19366,Pocopson
2066,19367,Pomeroy
2067,19369,Sadsburyville
2068,19371,Suplee
2069,19372,Thorndale
2070,19373,Thornton
2071,19374,Toughkenamon
2072,19375,Unionville
2073,19376,Wagontown
2074,19380,West Chester
2075,19381,West Chester
2076,19382,West Chester
2077,19383,West Chester
2078,19390,West Grove
2079,19395,Westtown
2080,19397,Southeastern
2081,19398,Southeastern
2082,19399,Southeastern
2083,19401,Norristown
2084,19403,Norristown
2085,19404,Norristown
2086,19405,Bridgeport
2087,19406,King Of Prussia
2088,19407,Audubon
2089,19408,Eagleville
2090,19409,Fairview Village
2091,19415,Eagleville
2092,19420,Arcola
2093,19421,Birchrunville
2094,19422,Blue Bell
2095,19423,Cedars
2096,19424,Blue Bell
2097,19425,Chester Springs
2098,19426,Collegeville
2099,19428,Conshohocken
2100,19429,Conshohocken
2101,19430,Creamery
2102,19432,Devault
2103,19435,Frederick
2104,19436,Gwynedd
2105,19437,Gwynedd Valley
2106,19438,Harleysville
2107,19440,Hatfield
2108,19441,Harleysville
2109,19442,Kimberton
2110,19443,Kulpsville
2111,19444,Lafayette Hill
2112,19446,Lansdale
2113,19450,Lederach
2114,19451,Mainland
2115,19453,Mont Clare
2116,19454,North Wales
2117,19455,North Wales
2118,19456,Oaks
2119,19457,Parker Ford
2120,19460,Phoenixville
2121,19462,Plymouth Meeting
2122,19464,Pottstown
2123,19465,Pottstown
2124,19468,Royersford
2125,19470,Saint Peters
2126,19472,Sassamansville
2127,19473,Schwenksville
2128,19474,Skippack
2129,19475,Spring City
2130,19477,Spring House
2131,19478,Spring Mount
2132,19480,Uwchland
2133,19481,Valley Forge
2134,19482,Valley Forge
2135,19483,Valley Forge
2136,19484,Valley Forge
2137,19485,Valley Forge
2138,19486,West Point
2139,19487,King Of Prussia
2140,19488,Norristown
2141,19489,Norristown
2142,19490,Worcester
2143,19492,Zieglerville
2144,19493,Valley Forge
2145,19494,Valley Forge
2146,19495,Valley Forge
2147,19496,Valley Forge
2148,19501,Adamstown
2149,19503,Bally
2150,19504,Barto
2151,19505,Bechtelsville
2152,19506,Bernville
2153,19507,Bethel
2154,19508,Birdsboro
2155,19510,Blandon
2156,19511,Bowers
2157,19512,Boyertown
2158,19516,Centerport
2159,19518,Douglassville
2160,19519,Earlville
2161,19520,Elverson
2162,19522,Fleetwood
2163,19523,Geigertown
2164,19525,Gilbertsville
2165,19526,Hamburg
2166,19529,Kempton
2167,19530,Kutztown
2168,19533,Leesport
2169,19534,Lenhartsville
2170,19535,Limekiln
2171,19536,Lyon Station
2172,19538,Maxatawny
2173,19539,Mertztown
2174,19540,Mohnton
2175,19541,Mohrsville
2176,19542,Monocacy Station
2177,19543,Morgantown
2178,19544,Mount Aetna
2179,19545,New Berlinville
2180,19547,Oley
2181,19548,Pine Forge
2182,19549,Port Clinton
2183,19550,Rehrersburg
