,School Number,Cluster,County,School
1407,2958,2,LUZERNE,NORTHWEST AREA HS
1380,7950,2,SCHUYLKILL,NORTH SCHUYKILL ELEM SCHOOL
257,3594,2,PERRY,CARROLL EL SCH
52,18,2,ADAMS,ARENDTSVILLE EL SCH
1664,6928,2,ALLEGHENY,RIVERVIEW HS
1408,2955,2,LUZERNE,NORTHWEST AREA INTERMEDIATE SCH
1658,2781,2,LEHIGH,RITTER EL SCH
1677,4079,2,TIOGA,ROCK L BUTLER MS
260,7023,2,PHILADELPHIA,CARVER HS ENGINEERING & SCIENCE
1667,4952,2,LACKAWANNA,ROBERT MORRIS NO 27
1396,6859,2,CAMBRIA,NORTHERN CAMBRIA EL SCH
1409,2956,2,LUZERNE,NORTHWEST AREA PRIMARY SCHOOL
1395,747,2,BEDFORD,NORTHERN BEDFORD CO M/S HS
261,3173,2,MERCER,CASE AVENUE EL SCH
1393,4578,2,YORK,NORTHEASTERN MS
1816,1013,2,BUCKS,SNYDER-GIROTTI EL SCH
38,1925,2,DELAWARE,AMOSLAND EL SCH
1675,7333,2,BEAVER,ROCHESTER AREA EL SCH
1387,5258,2,NORTHAMPTON,NORTHAMPTON AREA MIDDLE SCHOOL
2162,5241,2,LEHIGH,WHITEHALL-COPLAY MS
48,6570,2,ARMSTRONG,APOLLO-RIDGE MS
251,3021,2,LYCOMING,CARL G RENN EL SCH
43,8178,2,LEBANON,ANNVILLE CLEONA MS
248,988,2,BRADFORD,CANTON JSHS
2165,7885,2,ALLEGHENY,WHITTIER EL SCH
252,1076,2,BUCKS,CARL SANDBURG MS
240,1629,2,CRAWFORD,CAMBRIDGE SPRINGS HS
254,326,2,ALLEGHENY,CARMALT ACADEMY OF SCI & TECH
1384,7259,2,SOMERSET,NORTH STAR EAST EL/M
1736,7281,2,MCKEAN,SCHOOL STREET EL SCH
1401,6346,2,YORK,NORTHERN MS
1659,5093,2,LACKAWANNA,RIVERSIDE EAST EL SCH
1665,6245,2,CLINTON,ROBB EL SCH
1402,6931,2,POTTER,NORTHERN POTTER CHIL
1390,964,2,BRADFORD,NORTHEAST BRADFORD J
1663,6748,2,LACKAWANNA,RIVERSIDE WEST EL SCH
2224,8131,2,YORK,YORK ACADEMY REGIONAL CHARTER
239,1630,2,CRAWFORD,CAMBRIDGE SPRINGS EL
40,7024,2,PHILADELPHIA,AMY NW
1382,1781,2,DAUPHIN,NORTH SIDE EL SCH
238,1199,2,CAMBRIA,CAMBRIA HEIGHTS MS
1405,5143,2,DELAWARE,NORTHLEY MS
1668,7756,2,DAUPHIN,ROBERT REID ELEM SCHOOL
1567,7183,2,MONROE,PLEASANT VALLEY MS
1678,2309,2,HUNTINGDON,ROCKHILL EL SCH
305,4235,2,WASHINGTON,CHARTIERS-HOUSTON JS
304,94,2,ALLEGHENY,CHARTIERS VALLEY MS
1723,4101,2,VENANGO,SANDYCREEK EL SCH
2150,7341,2,WAYNE,WESTERN WAYNE MS
1707,1811,2,DAUPHIN,RUTHERFORD EL SCH
1322,7924,2,CUMBERLAND,NANCY GRAYSON ELEM SCHOOL
2235,4133,2,WARREN,YOUNGSVILLE EL/ MS
1710,7278,2,CRAWFORD,SAEGERTOWN EL SCH
299,5149,2,LACKAWANNA,CHARLES SUMNER NO18
1326,1650,2,CRAWFORD,NEASON HILL EL SCH
2151,4057,2,TIOGA,WESTFIELD AREA EL SCH
295,4339,2,WESTMORELAND,CHARLES A HUSTON MS
294,7157,2,WASHINGTON,CHARLEROI AREA MS
1331,5232,2,LACKAWANNA,NEIL ARMSTRONG NO 40
2234,8156,2,ALLEGHENY,YOUNG SCHOLARS OF WESTERN PA CS
292,2190,2,FRANKLIN,CHAMBERSBURG AREA MS - NORTH
1705,7677,2,PHILADELPHIA,RUSSELL BYERS CS
291,6615,2,FRANKLIN,CHAMBERSBURG AREA MS
1841,1099,2,BUCKS,SOUTH MIDDLE SCHOOL
2148,719,2,BEAVER,WESTERN BEAVER CO JS/HS
318,1153,2,BUTLER,CHICORA EL SCH
2146,7286,2,YORK,WEST YORK MS
1302,4049,2,SUSQUEHANNA,MOUNTAIN VIEW JSHS
1,7691,2,CHESTER,21ST CENTURY CYBER CS
315,732,2,BEDFORD,CHESTNUT RIDGE SHS
314,729,2,BEDFORD,CHESTNUT RIDGE MS
1721,2353,2,INDIANA,SALTSBURG MIDDLE/HIGH
1314,3048,2,LYCOMING,MUNCY JSHS
1716,5365,2,LEHIGH,SALISBURY MIDDLE SCHOOL
2,6933,2,FAYETTE,A J MCMULLEN SCH
3,2115,2,FAYETTE,A L WILSON EL SCH
1307,1686,2,CUMBERLAND,MT HOLLY SPRINGS EL
1308,5205,2,BERKS,MT PENN EL SCH
2147,1969,2,DELAWARE,WESTBROOK PARK EL SCH
1311,2780,2,LEHIGH,MUHLENBERG EL SCH
1312,4919,2,BERKS,MUHLENBERG ELEM CTR
1306,7199,2,BLAIR,MOWRIE A EBNER EL SCH
1375,4540,2,YORK,NORTH HILLS EL SCH
290,1812,2,DAUPHIN,CHAMBERS HILL EL
287,7552,2,CENTRE,CENTRE LEARNING COMM CS
1688,2782,2,LEHIGH,ROOSEVELT EL SCH
29,1741,2,YORK,ALLEN MS
31,4234,2,WASHINGTON,ALLISON PARK EL SCH
1684,12,2,ADAMS,ROLLING ACRES EL SCH
33,7986,2,BLAIR,ALTOONA AREA JR HS
269,5250,2,MONTGOMERY,CEDARBROOK MS
1815,6451,2,BUCKS,SNYDER MS
1729,752,2,BEDFORD,SAXTON-LIBERTY GR SCH
1824,7751,2,ALLEGHENY,SOUTH ALLEGHENY ELEM SCHOOL
1366,3463,2,NORTHAMPTON,NITSCHMANN MS
1367,7566,2,CENTRE,NITTANY VALLEY CS
1680,6210,2,SOMERSET,ROCKWOOD AREA JSHS
1369,5139,2,CLARION,NORTH CLARION CO EL
1821,8274,2,SOMERSET,SOMERSET AREA JR-SR HS
263,2797,2,LEHIGH,CATASAUQUA MS
1819,7492,2,LUZERNE,SOLOMON/PLAINS EL SCH
268,6301,2,LEBANON,CEDAR CREST MS
1702,3342,2,MONTGOMERY,RUPERT EL SCH
2229,4508,2,WESTMORELAND,YOUGH MS
1358,5260,2,PERRY,NEWPORT EL SCH
1340,8276,2,YORK,NEW CUMBERLAND MS
1833,7699,2,YORK,SOUTH EASTERN MIDDLE SCHOOL
1832,6832,2,YORK,SOUTH EASTERN INTRMD SCH
285,4544,2,YORK,CENTRAL YORK MS
23,7615,2,ALLEGHENY,ALLEGHENY TRAD ELEM ACAD
1344,7649,2,PHILADELPHIA,NEW FOUNDATIONS CS
1345,8324,2,FRANKLIN,NEW FRANKLIN EL SCH
1359,7931,2,PERRY,NEWPORT MS
284,8043,2,BEAVER,CENTRAL VALLEY MS
282,7590,2,CLINTON,CENTRAL MOUNTAIN MS
280,7141,2,LANCASTER,CENTRAL MANOR EL SCH
279,4667,2,VENANGO,CENTRAL EL SCH
1352,6898,2,ADAMS,NEW OXFORD MS
278,7820,2,DAUPHIN,CENTRAL DAUPHIN MS
26,7467,2,CLARION,ALLEGHENY-CLARION VAL ELEM
1356,4585,2,YORK,NEWBERRY EL SCH
25,4664,2,CLARION,ALLEGHENY-CLARION VA
236,6646,2,CAMBRIA,CAMBRIA EL SCH
1648,7941,2,CAMBRIA,RICHLAND JR/SR HIGH SCHOOL
233,6939,2,WASHINGTON,CALIFORNIA AREA MS
1597,7832,2,ALLEGHENY,PROPEL CS - MONTOUR
1596,7831,2,ALLEGHENY,PROPEL CS - MCKEESPORT
1780,4146,2,WARREN,SHEFFIELD MS/HS
100,7827,2,LUZERNE,BEAR CREEK COMMUNITY CS
1593,7848,2,ALLEGHENY,PROPEL CS - EAST
1521,6300,2,LANCASTER,PEQUEA VALLEY INTRMD
151,7272,2,BERKS,BIRDSBORO EL CTR
1781,3938,2,SCHUYLKILL,SHENANDOAH VALLEY EL
150,7938,2,ADAMS,BIGLERVILLE ELEM SCHOOL
149,6326,2,CUMBERLAND,BIG SPRING MS
1779,8290,2,WARREN,SHEFFIELD AREA EL SCH
102,4148,2,WARREN,BEATY-WARREN MS
148,650,2,BEAVER,BIG BEAVER EL SCH
1755,8235,2,VENANGO,SEVENTH STREET SCH
1590,7359,2,DELAWARE,PRIMOS EL SCH
144,6975,2,WASHINGTON,BETHLEHEM-CENTER EL
1524,2018,2,ERIE,PERRY EL SCH
2192,5351,2,NORTHAMPTON,WIND GAP MS
98,3345,2,MONTGOMERY,BARTH EL SCH
1600,6508,2,DELAWARE,PROSPECT PARK SCH
319,7741,2,NORTHUMBERLAND,CHIEF SHIKELLAMY SCH
1500,6990,2,CAMBRIA,PENN-CAMBRIA MS
91,7501,2,ALLEGHENY,BANKSVILLE ELEM SCHL
1503,7785,2,CARBON,PENN/KIDDER CAMPUS
1606,6893,2,INDIANA,PURCHASE LINE SOUTH
1605,2350,2,INDIANA,PURCHASE LINE JSHS
1505,3324,2,MONTGOMERY,PENNDALE MS
155,6344,2,PERRY,BLAIN EL SCH
162,4070,2,TIOGA,BLOSSBURG EL SCH
161,1611,2,COLUMBIA,BLOOMSBURG AREA MS
1510,7028,2,INDIANA,PENNS MANOR AREA EL
1511,2345,2,INDIANA,PENNS MANOR AREA JSH
159,2317,2,INDIANA,BLAIRSVILLE MS
1513,6231,2,CENTRE,PENNS VALLEY AREA JSHS
94,1430,2,CHESTER,BARKLEY EL SCH
1601,2654,2,LANCASTER,PROVIDENCE EL SCH
1783,2708,2,LAWRENCE,SHENANGO AREA JSHS
167,5263,2,SCHUYLKILL,BLUE MOUNTAIN MS
104,7386,2,BEAVER,BEAVER AREA MS
1757,2310,2,HUNTINGDON,SHADE GAP EL SCH
1766,8283,2,NORTHUMBERLAND,SHAMOKIN AREA INTERMEDIATE SCH
1765,7009,2,NORTHUMBERLAND,SHAMOKIN AREA EL SCH
2201,8091,2,ALLEGHENY,WOODLAND HILLS ACAD
2199,7626,2,CENTRE,WONDERLAND CS
121,7144,2,BLAIR,BELLWOOD ANTIS MS
1558,6385,2,LUZERNE,PITTSTON AREA MS
1559,6622,2,LUZERNE,PITTSTON CITY INTRMD CTR
127,19,2,ADAMS,BENDERSVILLE EL SCH
1761,7030,2,BUCKS,SHAFER MS
112,6019,2,ALLEGHENY,BEECHWOOD EL SCH
1571,8010,2,MONROE,POCONO MT EAST JHS
120,6977,2,ALLEGHENY,BELLEVUE EL SCH
118,1342,2,CENTRE,BELLEFONTE AREA MS
1564,4255,2,WASHINGTON,PLEASANT VALLEY EL SCH
117,8269,2,WESTMORELAND,BELLE VERNON AREA MS
1566,7660,2,MONROE,PLEASANT VALLEY INTRM
1763,8002,2,ALLEGHENY,SHALER AREA MS
2204,1932,2,DELAWARE,WOODLYN EL SCH
1576,1077,2,BUCKS,POQUESSING MS
1577,7055,2,MCKEAN,PORT ALLEGANY EL SCH
1585,3783,2,PHILADELPHIA,POWEL SAMUEL SCH
140,6808,2,COLUMBIA,BERWICK AREA MS
1583,6746,2,MONTGOMERY,POTTSGROVE MS
1533,7647,2,PHILADELPHIA,PHILADELPHIA PERF ARTS CS
1534,6785,2,NORTHAMPTON,PHILIP F LAUER MS
139,6921,2,ADAMS,BERMUDIAN SPRINGS MS
1758,4006,2,SOMERSET,SHADE JSHS
2195,1330,2,CENTRE,WINGATE EL SCH
1537,1779,2,DAUPHIN,PHILLIPS EL SCH
135,7988,2,WASHINGTON,BENTWORTH MS
1542,5262,2,SCHUYLKILL,PINE GROVE AREA MS
1543,3909,2,SCHUYLKILL,PINE GROVE EL SCH
133,1595,2,COLUMBIA,BENTON MIDDLE-SR HIGH SCHOOL
1770,7398,2,SOMERSET,SHANKSVILLE-STNYCRK MS
109,7021,2,BEDFORD,BEDFORD MS
1578,3111,2,MCKEAN,PORT ALLEGANY JSHS
1581,1270,2,CAMBRIA,PORTAGE AREA HS
88,6824,2,PHILADELPHIA,BALDI C C A MS
1610,2655,2,LANCASTER,QUARRYVILLE EL SCH
169,6891,2,SUSQUEHANNA,BLUE RIDGE EL SCH
1649,860,2,BERKS,RICHMOND EL SCH
1433,8004,2,CHESTER,OCTORARA INTERMEDIATE SCH
218,7477,2,WASHINGTON,BURGETTSTOWN AREA EL CN
215,2097,2,FAYETTE,BULLSKIN EL SCH
1437,2448,2,LACKAWANNA,OLD FORGE EL SCH
1438,2449,2,LACKAWANNA,OLD FORGE JSHS
1440,6319,2,BERKS,OLEY VALLEY MS
55,8342,2,ARMSTRONG,ARMSTRONG JSHS
1809,3116,2,MCKEAN,SMETHPORT AREA EL SCH
1807,6647,2,BUTLER,SLIPPERY ROCK AREA M
1443,1604,2,COLUMBIA,ORANGE STREET EL SCH
209,2192,2,FRANKLIN,BUCHANAN EL SCH
1741,3935,2,SCHUYLKILL,SCHUYLKILL HAVEN MS
2219,6390,2,LUZERNE,WYOMING AREA SEC CTR
1805,5034,2,CLARION,SLIGO EL SCH
1804,6727,2,LEHIGH,SLATINGTON EL SCH
62,8214,2,LEHIGH,ARTS ACADEMY CS
1450,7753,2,POTTER,OSWAYO VALLEY MS
1432,1414,2,CHESTER,OCTORARA AREA JSHS
219,4195,2,WASHINGTON,BURGETTSTOWN MIDDLE/HIGH SCHOOL
232,8051,2,WASHINGTON,CALIFORNIA AREA INTERMEDIATE M
2223,7611,2,CUMBERLAND,YELLOW BREECHES MID SCH
1417,7856,2,PHILADELPHIA,NORTHWOOD ACADEMY CS
1654,5033,2,CLARION,RIMERSBURG EL SCH
2166,2591,2,LANCASTER,WICKERSHAM EL SCH
229,6594,2,SOMERSET,CAIRNBROOK EL SCH
1420,1883,2,DELAWARE,NORWOOD SCH
1739,5264,2,SCHUYLKILL,SCHUYLKILL HAVEN  HS
1421,6623,2,CHESTER,NOTTINGHAM SCH
1814,6713,2,BRADFORD,SNYDER EL SCH
54,7123,2,MONROE,ARLINGTON HEIGHTS EL SCH
224,8343,2,BUTLER,BUTLER MS
222,6690,2,BUTLER,BUTLER AREA IHS
221,8054,2,NORTHAMPTON,BUSHKILL EL SCH
1811,2657,2,LANCASTER,SMITH MS
220,2598,2,LANCASTER,BURROWES SCH
1653,7218,2,DELAWARE,RIDLEY MS
2175,7357,2,SCHUYLKILL,WILLIAMS VALLEY EL SCH
202,6162,2,JEFFERSON,BROOKVILLE JSHS
201,7868,2,ALLEGHENY,BROOKLINE EL SCH
2182,8200,2,BUCKS,WILLOW DALE EL SCH
1480,1795,2,DAUPHIN,PAXTANG EL SCH
80,3221,2,MONROE,B F MOREY EL SCH
2214,1005,2,BRADFORD,WYALUSING VALLEY JSHS
1623,8168,2,CLARION,REDBANK VALLEY INTRMD SCH
1622,1495,2,CLARION,REDBANK VALLEY HS
2185,7352,2,LAWRENCE,WILMINGTON AREA MS
184,6309,2,BERKS,BRANDYWINE HEIGHTS MIDDLE SCHO
1620,4597,2,YORK,RED LION AREA JHS
2213,8175,2,BRADFORD,WYALUSING VALLEY EL SCH
1490,8160,2,ALLEGHENY,PENN HILLS CS FOR ENTREPRENEUR
1615,4457,2,WESTMORELAND,RAMSAY EL SCH
1789,8181,2,NORTHUMBERLAND,SHIKELLAMY MS
1614,1370,2,CHESTER,RAINBOW EL SCH
1750,6817,2,SNYDER,SELINSGROVE AREA MS
87,1335,2,CENTRE,BALD EAGLE AREA JSHS
1791,1729,2,CUMBERLAND,SHIPPENSBURG AREA MS
2180,8273,2,LYCOMING,WILLIAMSPORT AREA MS
2179,6373,2,TIOGA,WILLIAMSON SHS
1629,6242,2,CLINTON,RENOVO EL SCH
2176,3914,2,SCHUYLKILL,WILLIAMS VALLEY JSHS
199,2362,2,JEFFERSON,BROCKWAY JSHS
198,5148,2,JEFFERSON,BROCKWAY AREA ELEMENTARY SCHOOL
1461,7172,2,CARBON,PALMER EL SCH
70,6222,2,POTTER,AUSTIN AREA JSHS
71,30,2,ALLEGHENY,AVALON EL SCH
72,4165,2,WASHINGTON,AVELLA AREA JSHS
194,6468,2,MONTGOMERY,BRIDGEPORT EL SCH
2177,950,2,BLAIR,WILLIAMSBURG COMM EL
1465,1322,2,CARBON,PANTHER VALLEY EL SCH
1466,8349,2,CARBON,PANTHER VALLEY INTERMEDIATE SCH
191,7342,2,ALLEGHENY,BRENTWOOD MS
2178,951,2,BLAIR,WILLIAMSBURG COMM JSHS
1469,7056,2,LANCASTER,PARK EL SCH
1633,3165,2,MERCER,REYNOLDS JSHS
75,7721,2,CHESTER,AVON GROVE CS
1472,4606,2,YORK,PARK HILLS EL SCH
1656,8197,2,WASHINGTON,RINGGOLD EL SCH SOUTH
1499,1418,2,CHESTER,PENN'S GROVE SCH
2018,7289,2,ERIE,UNION CITY MS
323,7575,2,PHILADELPHIA,CHRISTOPHER COLUMBUS CS
606,7746,2,LACKAWANNA,FELL CS
922,8078,2,JEFFERSON,JENKS HILL EL SCH
925,3033,2,LYCOMING,JERSEY SHORE AREA MIDDLE SCHOOL
2071,7845,2,DELAWARE,WALTER M SENKOW ELEM SCH
598,3456,2,NORTHAMPTON,FARMERSVILLE EL SCH
596,7508,2,FRANKLIN,FANNETT-METAL MS
595,6826,2,FRANKLIN,FANNETT-METAL EL SCH
933,5326,2,ELK,JOHNSONBURG AREA EL
934,6218,2,ELK,JOHNSONBURG AREA HS
1948,8126,2,PHILADELPHIA,TACONY ACADEMY CHARTER SCHOOL
938,6157,2,CLEARFIELD,JUNIATA EL SCH
941,5230,2,HUNTINGDON,JUNIATA VALLEY EL SCH
942,2308,2,HUNTINGDON,JUNIATA VALLEY JSHS
943,5244,2,MCKEAN,KANE AREA EL SCH
944,3100,2,MCKEAN,KANE AREA MS
945,1154,2,BUTLER,KARNS CITY HS
1945,8281,2,MONROE,SWIFTWATER INTERM SCH
588,6270,2,ADAMS,FAIRFIELD AREA EL SCH
949,4084,2,UNION,KELLY EL SCH
1943,5054,2,LANCASTER,SWIFT MS
589,7322,2,ADAMS,FAIRFIELD AREA MS
585,787,2,BERKS,EXETER TWP JHS
917,2280,2,GREENE,JEFFERSON-MORGAN JSH
915,2808,2,LEHIGH,JEFFERSON EL SCH
626,6311,2,BERKS,FLEETWOOD MS
889,2052,2,ERIE,IROQUOIS ELEM SCHOOL
890,4817,2,ERIE,IROQUOIS JSHS
620,4583,2,YORK,FISHING CREEK EL SCH
2063,2396,2,JUNIATA,WALKER TWP EL SCH
617,1651,2,CRAWFORD,FIRST DISTRICT EL SCH
896,7366,2,MONROE,J T LAMBERT INTERMED
2064,6956,2,PIKE,WALLENPAUPACK AREA M
615,8005,2,DAUPHIN,FINK EL SCH
916,7029,2,GREENE,JEFFERSON-MORGAN EL
1952,7031,2,SCHUYLKILL,TAMAQUA EL SCH
903,3442,2,NORTHAMPTON,JAMES BUCHANAN EL SCH
904,6281,2,FRANKLIN,JAMES BUCHANAN MS
611,4947,2,JUNIATA,FERMANAGH-MIFFLINTOW
2066,4305,2,PIKE,WALLENPAUPACK SOUTH
909,6127,2,MERCER,JAMESTOWN AREA EL SCH
910,6126,2,MERCER,JAMESTOWN AREA JSHS
1951,7662,2,SCHUYLKILL,TAMAQUA AREA MS
913,8024,2,WESTMORELAND,JEANNETTE MCKEE ELEM
914,8025,2,WESTMORELAND,JEANNETTE MCKEE MS
614,1223,2,CAMBRIA,FERNDALE EL SCH
2076,7843,2,WARREN,WARREN AREA ELEM CTR
1940,7367,2,PERRY,SUSQUENITA MS
2077,4839,2,TIOGA,WARREN L MILLER EL SCH
994,2924,2,LUZERNE,LAKE-LEHMAN JSHS
995,7060,2,LUZERNE,LAKE-NOXEN EL SCH
996,6403,2,LACKAWANNA,LAKELAND EL SCH
997,6404,2,LACKAWANNA,LAKELAND JSHS
999,4705,2,DELAWARE,LAKEVIEW EL SCH
1000,7069,2,MERCER,LAKEVIEW MS
552,8137,2,LEBANON,ELCO INTERMEDIATE SCHOOL
322,5354,2,SUSQUEHANNA,CHOCONUT VALLEY EL SCH
551,4143,2,WARREN,EISENHOWER MS/HS
556,6862,2,LANCASTER,ELIZABETHTOWN AREA M
2085,7456,2,WASHINGTON,WASHINGTON PARK ES
1008,6421,2,SUSQUEHANNA,LATHROP STREET EL SCH
1928,8180,2,SULLIVAN,SULLIVAN CO EL SCH
2089,3574,2,NORTHUMBERLAND,WATSONTOWN EL SCH
1013,2680,2,LAWRENCE,LAUREL JSHS
1014,6940,2,WESTMORELAND,LAUREL VALLEY EL SCH
1015,7306,2,DAUPHIN,LAWNTON EL SCH
542,1926,2,DELAWARE,EDGEWOOD EL SCH
1926,7396,2,BUTLER,SUGARCREEK EL SCH
540,5043,2,DELAWARE,EDDYSTONE EL SCH
1929,4030,2,SULLIVAN,SULLIVAN CO JSHS
561,3257,2,MONTGOMERY,ELKINS PARK SCH
2081,4568,2,YORK,WASHINGTON EL SCH
985,6965,2,CARBON,L B MORRIS EL SCH
956,7979,2,PHILADELPHIA,KEYSTONE ACADEMY CHARTER SCHOOL
582,7866,2,MONROE,EVERGREEN COMMUNITY CS
958,6694,2,CLARION,KEYSTONE EL SCH
959,1486,2,CLARION,KEYSTONE JSHS
960,7462,2,ALLEGHENY,KEYSTONE OAKS MS
1938,1805,2,DAUPHIN,SUSQUEHANNA TWP MS
962,5056,2,LANCASTER,KING EL SCH
1937,4054,2,SUSQUEHANNA,SUSQUEHANNA COMM JS
964,1375,2,CHESTER,KINGS HIGHWAY EL SCH
580,7006,2,BEDFORD,EVERETT AREA EL SCH
967,3647,2,PHILADELPHIA,KIRKBRIDE ELIZA B SCH
969,7189,2,WESTMORELAND,KISKI AREA IHS
1936,6885,2,SUSQUEHANNA,SUSQUEHANNA COMM EL
575,7564,2,PHILADELPHIA,EUGENIO MARIA DE HOSTOS CS
975,7271,2,BUCKS,KLINGER MS
571,6712,2,LANCASTER,EPHRATA MS
568,1134,2,BUTLER,EMILY BRITTAIN EL SCH
566,1020,2,BUCKS,EMERSON EL SCH
565,69,2,ALLEGHENY,ELROY AVENUE EL SCH
983,6315,2,BERKS,KUTZTOWN AREA MS
984,6316,2,BERKS,KUTZTOWN EL SCH
885,6794,2,BERKS,INTERMEDIATE SCH
2091,6654,2,ERIE,WATTSBURG AREA MS
1958,2918,2,LUZERNE,THIRD AVENUE EL SCH
2060,1974,2,DELAWARE,W B EVANS EL SCH
775,3318,2,MONTGOMERY,HANCOCK EL SCH
776,5041,2,PHILADELPHIA,HANCOCK JOHN SCH
2004,7220,2,JUNIATA,TUSCARORA MS
2035,6339,2,DAUPHIN,UPPER DAUPHIN AREA M
782,4570,2,YORK,HANOVER MS
783,4566,2,YORK,HANOVER STREET EL SCH
785,2048,2,ERIE,HARBOR CREEK JUNIOR HS
2038,5249,2,MONTGOMERY,UPPER MORELAND MS
2001,6215,2,SOMERSET,TURKEYFOOT VALLEY AR EL
2006,8144,2,BEDFORD,TUSSEY MOUNTAIN JHS
788,8220,2,BRADFORD,HARLAN ROWE MS
790,8316,2,CLEARFIELD,HARMONY AREA JSHS
1999,4536,2,WYOMING,TUNKHANNOCK MS
692,1964,2,DELAWARE,GARRETTFORD EL SCH
793,6787,2,ALLEGHENY,HARRISON MS
1998,4670,2,BERKS,TULPEHOCKEN JSHS
2039,3406,2,MONTGOMERY,UPPER PERKIOMEN MS
797,6864,2,LEHIGH,HARRY S TRUMAN EL SCH
688,6223,2,POTTER,GALETON AREA SCH
1996,8192,2,BRADFORD,TROY INTRMD SCH
693,167,2,ALLEGHENY,GATEWAY MS
802,4115,2,VENANGO,HASSON HEIGHTS SCH
703,5062,2,NORTHAMPTON,GEORGE WOLF ELEM SCHOOL
705,8147,2,ADAMS,GETTYSBURG MONTESSORI CHARTER
732,191,2,ALLEGHENY,GRANDVIEW UPPER EL SCH
730,2208,2,FRANKLIN,GRANDVIEW EL SCH
2015,7083,2,LAWRENCE,UNION AREA MS
729,6357,2,NORTHUMBERLAND,GRACE S BECK SCH
727,3449,2,NORTHAMPTON,GOVERNOR WOLF EL SCH
726,801,2,BERKS,GOVERNOR MIFFLIN MS
746,6028,2,ALLEGHENY,GREENFIELD EL SCH
747,4372,2,WESTMORELAND,GREENSBURG-SALEM MS
748,3137,2,MERCER,GREENVILLE JSHS
771,6274,2,FRANKLIN,HAMILTON HEIGHTS EL
2024,2358,2,INDIANA,UNITED JSHS
717,3256,2,MONTGOMERY,GLENSIDE EL SCH
716,1881,2,DELAWARE,GLENOLDEN SCH
714,6952,2,CLEARFIELD,GLENDALE EL SCH
2012,7518,2,BLAIR,TYRONE AREA MS
759,4512,2,WESTMORELAND,H W GOOD EL SCH
2010,7328,2,BERKS,TWIN VALLEY MS
2032,7437,2,ADAMS,UPPER ADAMS MS
767,2626,2,LANCASTER,HAMBRIGHT EL SCH
768,7447,2,BERKS,HAMBURG AREA MS
752,8202,2,MERCER,GROVE CITY AREA MS
803,5344,2,MONTGOMERY,HATFIELD EL SCH
683,6026,2,ALLEGHENY,FULTON ACADEMY OF SCIENCE
807,3955,2,SCHUYLKILL,HEGINS-HUBLEY EL SCH
2056,8128,2,ADAMS,VIDA CHARTER SCHOOL
852,674,2,BEAVER,HOPEWELL JHS
2059,8138,2,INDIANA,W A MCCREERY EL SCH
856,5337,2,LEBANON,HOUCK EL SCH
1973,7601,2,VENANGO,TITUSVILLE MS
1971,4847,2,DELAWARE,TINICUM SCH
1967,7833,2,WARREN,TIDIOUTE COMMUNITY CS
637,1287,2,CAMBRIA,FOREST HILLS MS
864,6364,2,LYCOMING,HUGHESVILLE JSHS
2055,6166,2,VENANGO,VICTORY EL SCH
1965,2590,2,LANCASTER,THOMAS WHARTON EL SCH
867,4700,2,FAYETTE,HUTCHINSON EL SCH
635,6419,2,SUSQUEHANNA,FOREST CITY REG HS
1964,1802,2,DAUPHIN,THOMAS W. HOLTZMAN JR. EL. SCH
871,7683,2,PHILADELPHIA,INDEPENDENCE CS
634,6420,2,SUSQUEHANNA,FOREST CITY REG EL
874,8062,2,MONTGOMERY,INDIAN CREST MS
1962,6633,2,NORTHAMPTON,THOMAS JEFFERSON EL
877,8182,2,MIFFLIN,INDIAN VALLEY EL SCH
878,8183,2,MIFFLIN,INDIAN VALLEY INTRMD SCH
866,5333,2,HUNTINGDON,HUNTINGDON AREA MS
650,3765,2,PHILADELPHIA,FOX CHASE SCH
845,532,2,ALLEGHENY,HOMEVILLE EL SCH
844,2331,2,INDIANA,HOMER-CENTER JSHS
1991,6638,2,WASHINGTON,TRINITY MS
674,8356,2,BEAVER,FREEDOM AREA MS
673,8357,2,BEAVER,FREEDOM AREA EL SCH
1988,3957,2,SCHUYLKILL,TRI-VALLEY JSHS
2045,6788,2,BUCKS,VALLEY EL SCH
1987,5320,2,DAUPHIN,TRI COMMUNITY EL SCH
667,7176,2,FAYETTE,FRAZIER MS
666,6686,2,FAYETTE,FRAZIER EL SCH
823,1736,2,YORK,HIGHLAND EL SCH
824,6558,2,BEAVER,HIGHLAND MS
825,1965,2,DELAWARE,HIGHLAND PARK EL SCH
663,8123,2,PHILADELPHIA,FRANKLIN TOWNE CHARTER EL SCH
662,6007,2,FAYETTE,FRANKLIN SCH
2049,7920,2,VENANGO,VALLEY GROVE ELEM SCHOOL
658,6984,2,VENANGO,FRANKLIN AREA MS
835,5322,2,DELAWARE,HILLTOP EL SCH
2051,7283,2,LACKAWANNA,VALLEY VIEW MS
837,2768,2,LEHIGH,HIRAM W DODD EL SCH
652,2474,2,LACKAWANNA,FRANCES WILLARD NO 32
842,927,2,BLAIR,HOLLIDAYSBURG AREA J
843,6797,2,INDIANA,HOMER-CENTER EL SCH
627,3092,2,MCKEAN,FLOYD FRETZ MD SCH
1028,1314,2,CARBON,LEHIGHTON AREA MS
372,3978,2,SOMERSET,CONEMAUGH TWP AREA J
423,1529,2,CLEARFIELD,CURWENSVILLE AREA JSHS
417,7395,2,YORK,CROSSROADS MS
348,5047,2,FAYETTE,CLIFFORD N PRITTS EL
416,3762,2,PHILADELPHIA,CROSSAN KENNEDY C SCH
1176,7901,2,DAUPHIN,MATH SCIENCE ACADEMY
1179,3769,2,PHILADELPHIA,MAYFAIR SCH
1180,7146,2,LACKAWANNA,MAYFIELD EL SCH
1181,4595,2,YORK,MAZIE GABLE EL SCH
2126,7896,2,ARMSTRONG,WEST HILLS INTERMEDIATE SCH
1264,2686,2,LAWRENCE,MOHAWK JSHS
406,3868,2,POTTER,COUDERSPORT AREA EL
1189,7734,2,FULTON,MCCONNELLSBURG MS
349,6289,2,LANCASTER,COCALICO MS
1869,2312,2,HUNTINGDON,SPRING FARMS EL SCH
1868,5130,2,BLAIR,SPRING COVE MS
1193,5007,2,BUCKS,MCDONALD EL SCH
1850,3056,2,LYCOMING,SOUTH WILLIAMSPORT AREA JSHS
1194,6976,2,WASHINGTON,MCGUFFEY MS
399,6944,2,ALLEGHENY,CORNELL EL SCH
404,1997,2,ERIE,CORRY AREA INTERMEDIATE SCH
1873,4622,2,YORK,SPRING GROVE AREA IN
2124,7270,2,WESTMORELAND,WEST HEMPFIELD MS
421,3073,2,LYCOMING,CURTIN MS
1892,7620,2,HUNTINGDON,STANDINGSTONE EL
440,6579,2,ARMSTRONG,DAVID LEECH EL SCH
1891,2226,2,FRANKLIN,ST THOMAS EL SCH
343,6236,2,CLEARFIELD,CLEARFIELD AREA JSHS
1890,1992,2,ELK,ST MARYS AREA MS
1889,8219,2,BRADFORD,SRU EL SCH
1151,3408,2,MONTGOMERY,MARSHALL STREET EL SCH
1269,2391,2,JUNIATA,MONROE TWP EL SCH
436,3424,2,MONTOUR,DANVILLE AREA MS
1848,6937,2,BEAVER,SOUTH SIDE MS
1267,1164,2,BUTLER,MONITEAU JSHS
434,7544,2,BERKS,DANIEL BOONE AREA MS
1156,936,2,BLAIR,MARTINSBURG EL SCH
344,6837,2,YORK,CLEARVIEW EL SCH
433,2878,2,LUZERNE,DANA EL CTR
1881,29,2,ALLEGHENY,SPRINGDALE JSHS
426,7226,2,PHILADELPHIA,D NEWLIN FELL SCHOOL
425,2116,2,FAYETTE,D FERD SWANEY EL SCH
1029,7642,2,MONROE,LEHMAN INTERMEDIATE
2128,7694,2,ALLEGHENY,WEST LIBERTY ELEM SCH
351,5037,2,CRAWFORD,COCHRANTON AREA EL SCH
1199,8242,2,YORK,MCKINLEY SCH
1260,6583,2,SCHUYLKILL,MINERSVILLE AREA JSH
1234,1785,2,DAUPHIN,MIDDLETOWN AREA MIDDLE SCHOOL
1235,6566,2,BEAVER,MIDLAND EL/MS
368,7450,2,MERCER,COMMODORE PERRY SCH
367,6122,2,MERCER,COMMODORE PERRY JSHS
365,3760,2,PHILADELPHIA,COMLY WATSON SCH
359,7628,2,CHESTER,COLLEGIUM CS
1242,6809,2,UNION,MIFFLINBURG AREA MS
358,24,2,ALLEGHENY,COLFAX UPPER EL SCH
370,330,2,ALLEGHENY,CONCORD EL SCH
356,762,2,BERKS,COLEBROOKDALE EL SCH
1852,7668,2,COLUMBIA,SOUTHERN COLUMBIA MS
1851,2746,2,LEBANON,SOUTHEAST EL SCH
2141,7640,2,ARMSTRONG,WEST SHAMOKIN JSHS
1251,6010,2,GREENE,MILLER MS
1252,6682,2,DAUPHIN,MILLERSBURG AREA MS
1254,7064,2,COLUMBIA,MILLVILLE AREA EL SCH
352,1632,2,CRAWFORD,COCHRANTON AREA JSHS
1256,5353,2,NORTHUMBERLAND,MILTON AREA EL SCH
1246,1570,2,CLINTON,MILL HALL EL SCH
1232,3961,2,SNYDER,MIDDLEBURG EL SCH
2135,3597,2,PERRY,WEST PERRY MS
1230,3201,2,MONROE,MIDDLE SMITHFIELD EL
1861,7525,2,HUNTINGDON,SOUTHSIDE EL
2131,535,2,ALLEGHENY,WEST MIFFLIN AREA MS
391,5203,2,BERKS,CONRAD WEISER WEST ELEM
1206,1653,2,CRAWFORD,MEADVILLE AREA MIDDLE SCHOOL
390,7651,2,BERKS,CONRAD WEISER MIDDLE SCHOOL
386,2103,2,FAYETTE,CONNELLSVILLE TWP EL
384,2021,2,ERIE,CONNELL EL SCH
383,8226,2,CRAWFORD,CONNEAUT VALLEY MS
1216,4507,2,WESTMORELAND,MENDON EL SCH
1218,7792,2,MERCER,MERCER AREA MS
374,5136,2,CAMBRIA,CONEMAUGH VALLEY JSH
373,5213,2,CAMBRIA,CONEMAUGH VALLEY EL
1224,7613,2,SOMERSET,MEYERSDALE MS
1225,2423,2,LACKAWANNA,MID VALLEY EL CTR
1226,8304,2,LACKAWANNA,MID VALLEY SECONDARY CENTER
2019,1501,2,CLARION,UNION HS
1259,6699,2,SCHUYLKILL,MINERSVILLE AREA EL
1228,7799,2,SNYDER,MIDD-WEST MS
1854,7391,2,FULTON,SOUTHERN FULTON EL SCH
2130,6129,2,MERCER,WEST MIDDLESEX AREA HS
446,4727,2,PHILADELPHIA,DECATUR STEPHEN SCH
2119,8353,2,GREENE,WEST GREENE EL CTR
350,3057,2,LYCOMING,COCHRAN EL SCH
1073,4961,2,PHILADELPHIA,LOESCHE WILLIAM H SCH
1074,7274,2,BUCKS,LOG COLLEGE MS
1282,1169,2,BUTLER,MORAINE EL SCH
334,6371,2,TIOGA,CLARK WOOD EL SCH
2101,4556,2,YORK,WEIGELSTOWN EL SCH
2143,8232,2,SNYDER,WEST SNYDER EL SCH
498,8312,2,LACKAWANNA,DUNMORE JSHS
1080,8079,2,JEFFERSON,LONGVIEW EL SCH
497,6591,2,LACKAWANNA,DUNMORE EL CTR
496,5048,2,FAYETTE,DUNBAR TWP EL SCH
2104,4580,2,YORK,WELLSVILLE CAMPUS
338,7374,2,BLAIR,CLAYSBURG-KIMMEL EL
492,1541,2,CLEARFIELD,DUBOIS AREA MS
1140,6641,2,YORK,MARKLE INTRMD SCH
491,7661,2,LUZERNE,DRUMS ELEM/MIDDLE SCHOOL
1087,7559,2,LEHIGH,LOWER MACUNGIE MS
1092,3037,2,LYCOMING,LOYALSOCK TWP MS
330,1475,2,CLARION,CLARION AREA JSHS
484,6283,2,YORK,DOVER AREA INTRMD SCH
1289,6929,2,CLEARFIELD,MOSHANNON VALLEY EL
1914,8158,2,HUNTINGDON,STONE VALLEY COMMUNITY CS
520,2394,2,JUNIATA,EAST JUNIATA JSHS
1291,169,2,ALLEGHENY,MOSS SIDE MS
519,4956,2,NORTHAMPTON,EAST HILLS MS
518,2561,2,LANCASTER,EAST HIGH STREET EL
1922,7593,2,MONROE,STROUDSBURG JUNIOR HIGH
1921,3196,2,MIFFLIN,STRODES MILLS EL SCH
2097,7476,2,GREENE,WAYNESBURG CENTRAL EL
1051,3443,2,NORTHAMPTON,LINCOLN EL SCH
515,6159,2,FOREST,EAST FOREST JSHS
1053,2675,2,LAWRENCE,LINCOLN JSHS
513,1374,2,CHESTER,EAST FALLOWFIELD EL
511,6261,2,MIFFLIN,EAST DERRY EL SCH
1060,8286,2,NORTHUMBERLAND,LINE MOUNTAIN MS
1916,5088,2,YORK,STONY BROOK EL SCH
1290,1550,2,CLEARFIELD,MOSHANNON VALLEY JSH
2099,6838,2,CARBON,WEATHERLY AREA MS
1064,6783,2,DAUPHIN,LINGLESTOWN MS
1067,1847,2,DELAWARE,LINWOOD EL SCH
1041,8184,2,MIFFLIN,LEWISTOWN INTRMD SCH
524,5220,2,CUMBERLAND,EAST PENNSBORO AREA MS
2109,6895,2,ALLEGHENY,WEST ALLEGHENY MS
2117,6701,2,FOREST,WEST FOREST EL SCH
456,4351,2,WESTMORELAND,DERRY AREA MS
454,4599,2,YORK,DELTA-PEACH BOTTOM E
2096,5331,2,FRANKLIN,WAYNESBORO AREA MS
1129,6137,2,CRAWFORD,MAPLEWOOD EL SCH
1130,6942,2,CRAWFORD,MAPLEWOOD HS
452,3865,2,PIKE,DELAWARE VALLEY MS
342,8315,2,CLEARFIELD,CLEARFIELD AREA EL SCH
1896,632,2,BEAVER,STATE STREET EL SCH
1135,2339,2,INDIANA,MARION CENTER AREA H
1294,8135,2,NORTHUMBERLAND,MOUNT CARMEL AREA JHS
1271,7800,2,ERIE,MONTESSORI REGIONAL CS
1136,4328,2,WESTMORELAND,MARION EL SCH
2118,6161,2,FOREST,WEST FOREST JSHS
1032,5002,2,ARMSTRONG,LENAPE EL SCH
1138,7777,2,PHILADELPHIA,MARITIME ACADEMY CS
447,7595,2,ALLEGHENY,DEER LAKES MS
1124,7380,2,BUCKS,MAPLE POINT MS
1293,7498,2,NORTHUMBERLAND,MOUNT CARMEL AREA EL
1847,4819,2,FAYETTE,SOUTH SIDE EL SCH
1121,13,2,ADAMS,MAPLE AVENUE MS
1096,2225,2,FRANKLIN,LURGAN EL SCH
1923,7839,2,MONROE,STROUDSBURG MIDDLE SCHOOL
1036,2522,2,LANCASTER,LEOLA EL SCH
479,7165,2,LANCASTER,DONEGAL JHS
1099,6861,2,LYCOMING,LYCOMING VALLEY MS
1100,4918,2,BRADFORD,LYNCH EL SCH
340,4248,2,WASHINGTON,CLAYSVILLE EL SCH
1035,1793,2,DAUPHIN,LENKERVILLE EL SCH
1044,4062,2,TIOGA,LIBERTY EL SCH
1275,4044,2,SUSQUEHANNA,MONTROSE AREA JSHS
1104,7223,2,SCHUYLKILL,MAHANOY AREA EL SCH
2111,6599,2,CLEARFIELD,WEST BRANCH AREA EL
472,7301,2,NORTHAMPTON,DOMENICK DEFRANCO EL
1114,7953,2,LANCASTER,MANHEIM CENTRAL MS
1274,3040,2,LYCOMING,MONTGOMERY JSHS
2116,2379,2,JEFFERSON,WEST END EL SCH
1119,7410,2,LANCASTER,MANOR MIDDLE SCHOOL
1120,4068,2,TIOGA,MANSFIELD JSHS
478,8228,2,LANCASTER,DONEGAL INTERMEDIATE SCHOOL
522,3265,2,MONTGOMERY,EAST NORRITON MS
