,county,zipcode
0,Lawrence-County,16037
1,Lawrence-County,16051
2,Lawrence-County,16057
3,Lawrence-County,16101
4,Lawrence-County,16102
5,Lawrence-County,16105
6,Lawrence-County,16112
7,Lawrence-County,16116
8,Lawrence-County,16117
9,Lawrence-County,16120
10,Lawrence-County,16123
11,Lawrence-County,16127
12,Lawrence-County,16132
13,Lawrence-County,16140
14,Lawrence-County,16141
15,Lawrence-County,16142
16,Lawrence-County,16143
17,Lawrence-County,16155
18,Lawrence-County,16156
19,Lawrence-County,16157
20,Lawrence-County,16159
21,Lawrence-County,16160
22,Elk-County,15821
23,Elk-County,15823
24,Elk-County,15827
25,Elk-County,15832
26,Elk-County,15841
27,Elk-County,15845
28,Elk-County,15846
29,Elk-County,15853
30,Elk-County,15857
31,Elk-County,15860
32,Elk-County,15868
33,Elk-County,15870
34,Elk-County,16728
35,Elk-County,16734
36,Elk-County,16735
37,Somerset-County,15411
38,Somerset-County,15424
39,Somerset-County,15501
40,Somerset-County,15502
41,Somerset-County,15510
42,Somerset-County,15520
43,Somerset-County,15530
44,Somerset-County,15531
45,Somerset-County,15532
46,Somerset-County,15534
47,Somerset-County,15538
48,Somerset-County,15540
49,Somerset-County,15541
50,Somerset-County,15542
51,Somerset-County,15544
52,Somerset-County,15545
53,Somerset-County,15546
54,Somerset-County,15547
55,Somerset-County,15551
56,Somerset-County,15552
57,Somerset-County,15555
58,Somerset-County,15557
59,Somerset-County,15558
60,Somerset-County,15559
61,Somerset-County,15560
62,Somerset-County,15561
63,Somerset-County,15562
64,Somerset-County,15563
65,Somerset-County,15564
66,Somerset-County,15622
67,Somerset-County,15905
68,Somerset-County,15924
69,Somerset-County,15926
70,Somerset-County,15928
71,Somerset-County,15935
72,Somerset-County,15936
73,Somerset-County,15937
74,Somerset-County,15953
75,Somerset-County,15963
76,Washington-County,15004
77,Washington-County,15012
78,Washington-County,15017
79,Washington-County,15019
80,Washington-County,15021
81,Washington-County,15022
82,Washington-County,15025
83,Washington-County,15026
84,Washington-County,15033
85,Washington-County,15038
86,Washington-County,15053
87,Washington-County,15054
88,Washington-County,15055
89,Washington-County,15057
90,Washington-County,15060
91,Washington-County,15063
92,Washington-County,15067
93,Washington-County,15078
94,Washington-County,15126
95,Washington-County,15129
96,Washington-County,15241
97,Washington-County,15301
98,Washington-County,15311
99,Washington-County,15312
100,Washington-County,15313
101,Washington-County,15314
102,Washington-County,15317
103,Washington-County,15321
104,Washington-County,15322
105,Washington-County,15323
106,Washington-County,15324
107,Washington-County,15329
108,Washington-County,15330
109,Washington-County,15331
110,Washington-County,15332
111,Washington-County,15333
112,Washington-County,15340
113,Washington-County,15342
114,Washington-County,15345
115,Washington-County,15347
116,Washington-County,15348
117,Washington-County,15350
118,Washington-County,15358
119,Washington-County,15360
120,Washington-County,15361
121,Washington-County,15363
122,Washington-County,15366
123,Washington-County,15367
124,Washington-County,15368
125,Washington-County,15370
126,Washington-County,15376
127,Washington-County,15377
128,Washington-County,15378
129,Washington-County,15379
130,Washington-County,15412
131,Washington-County,15417
132,Washington-County,15419
133,Washington-County,15423
134,Washington-County,15427
135,Washington-County,15429
136,Washington-County,15432
137,Washington-County,15434
138,Washington-County,15477
139,Washington-County,15483
140,Union-County,17810
141,Union-County,17829
142,Union-County,17835
143,Union-County,17837
144,Union-County,17844
145,Union-County,17845
146,Union-County,17855
147,Union-County,17856
148,Union-County,17870
149,Union-County,17880
150,Union-County,17885
151,Union-County,17886
152,Union-County,17887
153,Union-County,17889
154,Centre-County,16666
155,Centre-County,16677
156,Centre-County,16680
157,Centre-County,16686
158,Centre-County,16801
159,Centre-County,16802
160,Centre-County,16803
161,Centre-County,16820
162,Centre-County,16822
163,Centre-County,16823
164,Centre-County,16826
165,Centre-County,16827
166,Centre-County,16828
167,Centre-County,16829
168,Centre-County,16832
169,Centre-County,16835
170,Centre-County,16841
171,Centre-County,16844
172,Centre-County,16845
173,Centre-County,16851
174,Centre-County,16852
175,Centre-County,16853
176,Centre-County,16854
177,Centre-County,16859
178,Centre-County,16860
179,Centre-County,16865
180,Centre-County,16866
181,Centre-County,16868
182,Centre-County,16870
183,Centre-County,16872
184,Centre-County,16874
185,Centre-County,16875
186,Centre-County,16877
187,Centre-County,16882
188,Cumberland-County,17007
189,Cumberland-County,17011
190,Cumberland-County,17013
191,Cumberland-County,17015
192,Cumberland-County,17019
193,Cumberland-County,17025
194,Cumberland-County,17027
195,Cumberland-County,17043
196,Cumberland-County,17050
197,Cumberland-County,17053
198,Cumberland-County,17055
199,Cumberland-County,17065
200,Cumberland-County,17070
201,Cumberland-County,17072
202,Cumberland-County,17081
203,Cumberland-County,17093
204,Cumberland-County,17240
205,Cumberland-County,17241
206,Cumberland-County,17257
207,Cumberland-County,17266
208,Cumberland-County,17307
209,Cumberland-County,17324
210,Bucks-County,18036
211,Bucks-County,18041
212,Bucks-County,18054
213,Bucks-County,18055
214,Bucks-County,18073
215,Bucks-County,18077
216,Bucks-County,18081
217,Bucks-County,18901
218,Bucks-County,18902
219,Bucks-County,18912
220,Bucks-County,18913
221,Bucks-County,18914
222,Bucks-County,18917
223,Bucks-County,18920
224,Bucks-County,18923
225,Bucks-County,18925
226,Bucks-County,18929
227,Bucks-County,18930
228,Bucks-County,18932
229,Bucks-County,18935
230,Bucks-County,18938
231,Bucks-County,18940
232,Bucks-County,18942
233,Bucks-County,18944
234,Bucks-County,18947
235,Bucks-County,18950
236,Bucks-County,18951
237,Bucks-County,18954
238,Bucks-County,18955
239,Bucks-County,18960
240,Bucks-County,18962
241,Bucks-County,18964
242,Bucks-County,18966
243,Bucks-County,18969
244,Bucks-County,18970
245,Bucks-County,18972
246,Bucks-County,18974
247,Bucks-County,18976
248,Bucks-County,18977
249,Bucks-County,18980
250,Bucks-County,19006
251,Bucks-County,19007
252,Bucks-County,19020
253,Bucks-County,19021
254,Bucks-County,19030
255,Bucks-County,19040
256,Bucks-County,19047
257,Bucks-County,19053
258,Bucks-County,19054
259,Bucks-County,19055
260,Bucks-County,19056
261,Bucks-County,19057
262,Bucks-County,19067
263,Bucks-County,19440
264,Clarion-County,15829
265,Clarion-County,15860
266,Clarion-County,15864
267,Clarion-County,16028
268,Clarion-County,16036
269,Clarion-County,16049
270,Clarion-County,16054
271,Clarion-County,16213
272,Clarion-County,16214
273,Clarion-County,16224
274,Clarion-County,16230
275,Clarion-County,16232
276,Clarion-County,16233
277,Clarion-County,16235
278,Clarion-County,16240
279,Clarion-County,16242
280,Clarion-County,16248
281,Clarion-County,16254
282,Clarion-County,16255
283,Clarion-County,16258
284,Clarion-County,16260
285,Clarion-County,16319
286,Clarion-County,16326
287,Clarion-County,16331
288,Clarion-County,16332
289,Clarion-County,16334
290,Clarion-County,16353
291,Clarion-County,16361
292,Clarion-County,16364
293,Clarion-County,16373
294,Mercer-County,16057
295,Mercer-County,16110
296,Mercer-County,16113
297,Mercer-County,16114
298,Mercer-County,16121
299,Mercer-County,16124
300,Mercer-County,16125
301,Mercer-County,16127
302,Mercer-County,16130
303,Mercer-County,16133
304,Mercer-County,16134
305,Mercer-County,16137
306,Mercer-County,16142
307,Mercer-County,16143
308,Mercer-County,16145
309,Mercer-County,16146
310,Mercer-County,16148
311,Mercer-County,16150
312,Mercer-County,16151
313,Mercer-County,16153
314,Mercer-County,16154
315,Mercer-County,16156
316,Mercer-County,16159
317,Mercer-County,16161
318,Mercer-County,16311
319,Mercer-County,16314
320,Mercer-County,16342
321,Mercer-County,16362
322,Mercer-County,44425
323,Lycoming-County,16930
324,Lycoming-County,16938
325,Lycoming-County,17701
326,Lycoming-County,17702
327,Lycoming-County,17723
328,Lycoming-County,17724
329,Lycoming-County,17727
330,Lycoming-County,17728
331,Lycoming-County,17737
332,Lycoming-County,17739
333,Lycoming-County,17740
334,Lycoming-County,17742
335,Lycoming-County,17744
336,Lycoming-County,17745
337,Lycoming-County,17752
338,Lycoming-County,17754
339,Lycoming-County,17756
340,Lycoming-County,17758
341,Lycoming-County,17762
342,Lycoming-County,17763
343,Lycoming-County,17765
344,Lycoming-County,17771
345,Lycoming-County,17774
346,Lycoming-County,17776
347,Lycoming-County,17810
348,Lycoming-County,17814
349,Lycoming-County,17846
350,Clinton-County,16822
351,Clinton-County,16841
352,Clinton-County,16848
353,Clinton-County,16871
354,Clinton-County,16872
355,Clinton-County,17721
356,Clinton-County,17729
357,Clinton-County,17740
358,Clinton-County,17745
359,Clinton-County,17747
360,Clinton-County,17748
361,Clinton-County,17750
362,Clinton-County,17751
363,Clinton-County,17760
364,Clinton-County,17764
365,Clinton-County,17767
366,Clinton-County,17778
367,Clinton-County,17779
368,Cambria-County,15714
369,Cambria-County,15722
370,Cambria-County,15724
371,Cambria-County,15737
372,Cambria-County,15738
373,Cambria-County,15760
374,Cambria-County,15762
375,Cambria-County,15773
376,Cambria-County,15775
377,Cambria-County,15901
378,Cambria-County,15902
379,Cambria-County,15904
380,Cambria-County,15905
381,Cambria-County,15906
382,Cambria-County,15909
383,Cambria-County,15921
384,Cambria-County,15922
385,Cambria-County,15925
386,Cambria-County,15927
387,Cambria-County,15930
388,Cambria-County,15931
389,Cambria-County,15934
390,Cambria-County,15938
391,Cambria-County,15940
392,Cambria-County,15942
393,Cambria-County,15943
394,Cambria-County,15945
395,Cambria-County,15946
396,Cambria-County,15948
397,Cambria-County,15951
398,Cambria-County,15952
399,Cambria-County,15955
400,Cambria-County,15956
401,Cambria-County,15957
402,Cambria-County,15958
403,Cambria-County,15960
404,Cambria-County,15961
405,Cambria-County,15962
406,Cambria-County,15963
407,Cambria-County,16613
408,Cambria-County,16619
409,Cambria-County,16624
410,Cambria-County,16627
411,Cambria-County,16630
412,Cambria-County,16636
413,Cambria-County,16639
414,Cambria-County,16640
415,Cambria-County,16641
416,Cambria-County,16646
417,Cambria-County,16668
418,Cambria-County,16699
419,Berks-County,17026
420,Berks-County,17067
421,Berks-County,17087
422,Berks-County,17555
423,Berks-County,17569
424,Berks-County,18011
425,Berks-County,18031
426,Berks-County,18041
427,Berks-County,18056
428,Berks-County,18062
429,Berks-County,18070
430,Berks-County,18092
431,Berks-County,19464
432,Berks-County,19503
433,Berks-County,19504
434,Berks-County,19505
435,Berks-County,19506
436,Berks-County,19507
437,Berks-County,19508
438,Berks-County,19510
439,Berks-County,19511
440,Berks-County,19512
441,Berks-County,19518
442,Berks-County,19519
443,Berks-County,19520
444,Berks-County,19522
445,Berks-County,19523
446,Berks-County,19526
447,Berks-County,19529
448,Berks-County,19530
449,Berks-County,19533
450,Berks-County,19534
451,Berks-County,19535
452,Berks-County,19536
453,Berks-County,19538
454,Berks-County,19539
455,Berks-County,19540
456,Berks-County,19541
457,Berks-County,19542
458,Berks-County,19543
459,Berks-County,19544
460,Berks-County,19545
461,Berks-County,19547
462,Berks-County,19550
463,Berks-County,19551
464,Berks-County,19554
465,Berks-County,19555
466,Berks-County,19559
467,Berks-County,19560
468,Berks-County,19562
469,Berks-County,19564
470,Berks-County,19565
471,Berks-County,19567
472,Berks-County,19601
473,Berks-County,19602
474,Berks-County,19604
475,Berks-County,19605
476,Berks-County,19606
477,Berks-County,19607
478,Berks-County,19608
479,Berks-County,19609
480,Berks-County,19610
481,Berks-County,19611
482,Forest-County,15828
483,Forest-County,16217
484,Forest-County,16239
485,Forest-County,16321
486,Forest-County,16322
487,Forest-County,16341
488,Forest-County,16347
489,Forest-County,16351
490,Forest-County,16353
491,Forest-County,16370
492,Lackawanna-County,18403
493,Lackawanna-County,18407
494,Lackawanna-County,18411
495,Lackawanna-County,18414
496,Lackawanna-County,18419
497,Lackawanna-County,18420
498,Lackawanna-County,18421
499,Lackawanna-County,18424
500,Lackawanna-County,18433
501,Lackawanna-County,18434
502,Lackawanna-County,18436
503,Lackawanna-County,18444
504,Lackawanna-County,18446
505,Lackawanna-County,18447
506,Lackawanna-County,18452
507,Lackawanna-County,18471
508,Lackawanna-County,18503
509,Lackawanna-County,18504
510,Lackawanna-County,18505
511,Lackawanna-County,18507
512,Lackawanna-County,18508
513,Lackawanna-County,18509
514,Lackawanna-County,18510
515,Lackawanna-County,18512
516,Lackawanna-County,18517
517,Lackawanna-County,18518
518,Lackawanna-County,18519
519,Lackawanna-County,18615
520,Lackawanna-County,18641
521,Lackawanna-County,18653
522,Delaware-County,19003
523,Delaware-County,19008
524,Delaware-County,19010
525,Delaware-County,19013
526,Delaware-County,19014
527,Delaware-County,19015
528,Delaware-County,19017
529,Delaware-County,19018
530,Delaware-County,19022
531,Delaware-County,19023
532,Delaware-County,19026
533,Delaware-County,19029
534,Delaware-County,19032
535,Delaware-County,19033
536,Delaware-County,19036
537,Delaware-County,19041
538,Delaware-County,19043
539,Delaware-County,19050
540,Delaware-County,19060
541,Delaware-County,19061
542,Delaware-County,19063
543,Delaware-County,19064
544,Delaware-County,19070
545,Delaware-County,19073
546,Delaware-County,19074
547,Delaware-County,19076
548,Delaware-County,19078
549,Delaware-County,19079
550,Delaware-County,19081
551,Delaware-County,19082
552,Delaware-County,19083
553,Delaware-County,19085
554,Delaware-County,19086
555,Delaware-County,19087
556,Delaware-County,19094
557,Delaware-County,19096
558,Delaware-County,19113
559,Delaware-County,19312
560,Delaware-County,19317
561,Delaware-County,19319
562,Delaware-County,19342
563,Delaware-County,19373
564,Delaware-County,19382
565,Snyder-County,17045
566,Snyder-County,17063
567,Snyder-County,17086
568,Snyder-County,17812
569,Snyder-County,17813
570,Snyder-County,17827
571,Snyder-County,17841
572,Snyder-County,17842
573,Snyder-County,17853
574,Snyder-County,17861
575,Snyder-County,17862
576,Snyder-County,17864
577,Snyder-County,17870
578,Snyder-County,17876
579,Snyder-County,17889
580,Carbon-County,18030
581,Carbon-County,18058
582,Carbon-County,18071
583,Carbon-County,18201
584,Carbon-County,18210
585,Carbon-County,18211
586,Carbon-County,18212
587,Carbon-County,18216
588,Carbon-County,18229
589,Carbon-County,18230
590,Carbon-County,18232
591,Carbon-County,18235
592,Carbon-County,18237
593,Carbon-County,18240
594,Carbon-County,18244
595,Carbon-County,18250
596,Carbon-County,18254
597,Carbon-County,18255
598,Carbon-County,18610
599,Carbon-County,18624
600,Carbon-County,18661
601,Lancaster-County,17022
602,Lancaster-County,17073
603,Lancaster-County,17501
604,Lancaster-County,17502
605,Lancaster-County,17505
606,Lancaster-County,17507
607,Lancaster-County,17508
608,Lancaster-County,17509
609,Lancaster-County,17512
610,Lancaster-County,17516
611,Lancaster-County,17517
612,Lancaster-County,17518
613,Lancaster-County,17519
614,Lancaster-County,17520
615,Lancaster-County,17522
616,Lancaster-County,17527
617,Lancaster-County,17529
618,Lancaster-County,17532
619,Lancaster-County,17535
620,Lancaster-County,17536
621,Lancaster-County,17538
622,Lancaster-County,17540
623,Lancaster-County,17543
624,Lancaster-County,17545
625,Lancaster-County,17547
626,Lancaster-County,17550
627,Lancaster-County,17551
628,Lancaster-County,17552
629,Lancaster-County,17554
630,Lancaster-County,17555
631,Lancaster-County,17557
632,Lancaster-County,17560
633,Lancaster-County,17562
634,Lancaster-County,17563
635,Lancaster-County,17565
636,Lancaster-County,17566
637,Lancaster-County,17569
638,Lancaster-County,17570
639,Lancaster-County,17572
640,Lancaster-County,17576
641,Lancaster-County,17578
642,Lancaster-County,17579
643,Lancaster-County,17581
644,Lancaster-County,17582
645,Lancaster-County,17584
646,Lancaster-County,17601
647,Lancaster-County,17602
648,Lancaster-County,17603
649,Lancaster-County,17606
650,Lancaster-County,19310
651,Lancaster-County,19344
652,Lancaster-County,19362
653,Lancaster-County,19363
654,Lancaster-County,19501
655,Lancaster-County,19540
656,Lancaster-County,19543
657,Lancaster-County,19551
658,McKean-County,15870
659,McKean-County,16333
660,McKean-County,16701
661,McKean-County,16720
662,McKean-County,16724
663,McKean-County,16725
664,McKean-County,16726
665,McKean-County,16727
666,McKean-County,16729
667,McKean-County,16730
668,McKean-County,16731
669,McKean-County,16732
670,McKean-County,16733
671,McKean-County,16735
672,McKean-County,16738
673,McKean-County,16740
674,McKean-County,16743
675,McKean-County,16744
676,McKean-County,16745
677,McKean-County,16748
678,McKean-County,16749
679,McKean-County,16750
680,Susquehanna-County,18407
681,Susquehanna-County,18413
682,Susquehanna-County,18419
683,Susquehanna-County,18421
684,Susquehanna-County,18430
685,Susquehanna-County,18441
686,Susquehanna-County,18446
687,Susquehanna-County,18465
688,Susquehanna-County,18470
689,Susquehanna-County,18623
690,Susquehanna-County,18630
691,Susquehanna-County,18801
692,Susquehanna-County,18812
693,Susquehanna-County,18816
694,Susquehanna-County,18818
695,Susquehanna-County,18821
696,Susquehanna-County,18822
697,Susquehanna-County,18823
698,Susquehanna-County,18824
699,Susquehanna-County,18825
700,Susquehanna-County,18826
701,Susquehanna-County,18828
702,Susquehanna-County,18830
703,Susquehanna-County,18834
704,Susquehanna-County,18842
705,Susquehanna-County,18843
706,Susquehanna-County,18844
707,Susquehanna-County,18847
708,Philadelphia-County,19038
709,Philadelphia-County,19102
710,Philadelphia-County,19103
711,Philadelphia-County,19104
712,Philadelphia-County,19106
713,Philadelphia-County,19107
714,Philadelphia-County,19109
715,Philadelphia-County,19111
716,Philadelphia-County,19112
717,Philadelphia-County,19114
718,Philadelphia-County,19115
719,Philadelphia-County,19116
720,Philadelphia-County,19118
721,Philadelphia-County,19119
722,Philadelphia-County,19120
723,Philadelphia-County,19121
724,Philadelphia-County,19122
725,Philadelphia-County,19123
726,Philadelphia-County,19124
727,Philadelphia-County,19125
728,Philadelphia-County,19126
729,Philadelphia-County,19127
730,Philadelphia-County,19128
731,Philadelphia-County,19129
732,Philadelphia-County,19130
733,Philadelphia-County,19131
734,Philadelphia-County,19132
735,Philadelphia-County,19133
736,Philadelphia-County,19134
737,Philadelphia-County,19135
738,Philadelphia-County,19136
739,Philadelphia-County,19137
740,Philadelphia-County,19138
741,Philadelphia-County,19139
742,Philadelphia-County,19140
743,Philadelphia-County,19141
744,Philadelphia-County,19142
745,Philadelphia-County,19143
746,Philadelphia-County,19144
747,Philadelphia-County,19145
748,Philadelphia-County,19146
749,Philadelphia-County,19147
750,Philadelphia-County,19148
751,Philadelphia-County,19149
752,Philadelphia-County,19150
753,Philadelphia-County,19151
754,Philadelphia-County,19152
755,Philadelphia-County,19153
756,Philadelphia-County,19154
757,Allegheny-County,15003
758,Allegheny-County,15005
759,Allegheny-County,15006
760,Allegheny-County,15007
761,Allegheny-County,15014
762,Allegheny-County,15015
763,Allegheny-County,15017
764,Allegheny-County,15018
765,Allegheny-County,15020
766,Allegheny-County,15024
767,Allegheny-County,15025
768,Allegheny-County,15026
769,Allegheny-County,15028
770,Allegheny-County,15030
771,Allegheny-County,15031
772,Allegheny-County,15034
773,Allegheny-County,15035
774,Allegheny-County,15037
775,Allegheny-County,15044
776,Allegheny-County,15045
777,Allegheny-County,15046
778,Allegheny-County,15047
779,Allegheny-County,15049
780,Allegheny-County,15051
781,Allegheny-County,15056
782,Allegheny-County,15057
783,Allegheny-County,15063
784,Allegheny-County,15064
785,Allegheny-County,15065
786,Allegheny-County,15068
787,Allegheny-County,15071
788,Allegheny-County,15075
789,Allegheny-County,15076
790,Allegheny-County,15082
791,Allegheny-County,15084
792,Allegheny-County,15085
793,Allegheny-County,15086
794,Allegheny-County,15088
795,Allegheny-County,15089
796,Allegheny-County,15090
797,Allegheny-County,15101
798,Allegheny-County,15102
799,Allegheny-County,15104
800,Allegheny-County,15106
801,Allegheny-County,15108
802,Allegheny-County,15110
803,Allegheny-County,15112
804,Allegheny-County,15116
805,Allegheny-County,15120
806,Allegheny-County,15122
807,Allegheny-County,15126
808,Allegheny-County,15129
809,Allegheny-County,15131
810,Allegheny-County,15132
811,Allegheny-County,15133
812,Allegheny-County,15135
813,Allegheny-County,15136
814,Allegheny-County,15137
815,Allegheny-County,15139
816,Allegheny-County,15140
817,Allegheny-County,15142
818,Allegheny-County,15143
819,Allegheny-County,15144
820,Allegheny-County,15145
821,Allegheny-County,15146
822,Allegheny-County,15147
823,Allegheny-County,15148
824,Allegheny-County,15201
825,Allegheny-County,15202
826,Allegheny-County,15203
827,Allegheny-County,15204
828,Allegheny-County,15205
829,Allegheny-County,15206
830,Allegheny-County,15207
831,Allegheny-County,15208
832,Allegheny-County,15209
833,Allegheny-County,15210
834,Allegheny-County,15211
835,Allegheny-County,15212
836,Allegheny-County,15213
837,Allegheny-County,15214
838,Allegheny-County,15215
839,Allegheny-County,15216
840,Allegheny-County,15217
841,Allegheny-County,15218
842,Allegheny-County,15219
843,Allegheny-County,15220
844,Allegheny-County,15221
845,Allegheny-County,15222
846,Allegheny-County,15223
847,Allegheny-County,15224
848,Allegheny-County,15225
849,Allegheny-County,15226
850,Allegheny-County,15227
851,Allegheny-County,15228
852,Allegheny-County,15229
853,Allegheny-County,15232
854,Allegheny-County,15233
855,Allegheny-County,15234
856,Allegheny-County,15235
857,Allegheny-County,15236
858,Allegheny-County,15237
859,Allegheny-County,15238
860,Allegheny-County,15239
861,Allegheny-County,15241
862,Allegheny-County,15243
863,Allegheny-County,15260
864,Allegheny-County,15290
865,Allegheny-County,15332
866,Allegheny-County,15642
867,Allegheny-County,15668
868,Allegheny-County,16046
869,Allegheny-County,16055
870,Allegheny-County,16059
871,Sullivan-County,17701
872,Sullivan-County,17731
873,Sullivan-County,17737
874,Sullivan-County,17758
875,Sullivan-County,17768
876,Sullivan-County,17774
877,Sullivan-County,17814
878,Sullivan-County,18614
879,Sullivan-County,18616
880,Sullivan-County,18619
881,Sullivan-County,18626
882,Sullivan-County,18628
883,Sullivan-County,18632
884,Sullivan-County,18833
885,Luzerne-County,17814
886,Luzerne-County,17815
887,Luzerne-County,17878
888,Luzerne-County,18201
889,Luzerne-County,18202
890,Luzerne-County,18216
891,Luzerne-County,18219
892,Luzerne-County,18221
893,Luzerne-County,18222
894,Luzerne-County,18223
895,Luzerne-County,18224
896,Luzerne-County,18225
897,Luzerne-County,18234
898,Luzerne-County,18239
899,Luzerne-County,18241
900,Luzerne-County,18244
901,Luzerne-County,18246
902,Luzerne-County,18249
903,Luzerne-County,18251
904,Luzerne-County,18255
905,Luzerne-County,18256
906,Luzerne-County,18424
907,Luzerne-County,18602
908,Luzerne-County,18603
909,Luzerne-County,18610
910,Luzerne-County,18612
911,Luzerne-County,18615
912,Luzerne-County,18617
913,Luzerne-County,18618
914,Luzerne-County,18621
915,Luzerne-County,18622
916,Luzerne-County,18634
917,Luzerne-County,18635
918,Luzerne-County,18636
919,Luzerne-County,18640
920,Luzerne-County,18641
921,Luzerne-County,18642
922,Luzerne-County,18643
923,Luzerne-County,18644
924,Luzerne-County,18651
925,Luzerne-County,18655
926,Luzerne-County,18656
927,Luzerne-County,18660
928,Luzerne-County,18661
929,Luzerne-County,18701
930,Luzerne-County,18702
931,Luzerne-County,18704
932,Luzerne-County,18705
933,Luzerne-County,18706
934,Luzerne-County,18707
935,Luzerne-County,18708
936,Luzerne-County,18709
937,Jefferson-County,15711
938,Jefferson-County,15715
939,Jefferson-County,15730
940,Jefferson-County,15733
941,Jefferson-County,15744
942,Jefferson-County,15764
943,Jefferson-County,15767
944,Jefferson-County,15770
945,Jefferson-County,15776
946,Jefferson-County,15778
947,Jefferson-County,15780
948,Jefferson-County,15781
949,Jefferson-County,15784
950,Jefferson-County,15823
951,Jefferson-County,15824
952,Jefferson-County,15825
953,Jefferson-County,15828
954,Jefferson-County,15829
955,Jefferson-County,15840
956,Jefferson-County,15847
957,Jefferson-County,15851
958,Jefferson-County,15853
959,Jefferson-County,15860
960,Jefferson-County,15863
961,Jefferson-County,15864
962,Jefferson-County,15865
963,Jefferson-County,16217
964,Jefferson-County,16222
965,Jefferson-County,16240
966,Beaver-County,15001
967,Beaver-County,15003
968,Beaver-County,15005
969,Beaver-County,15009
970,Beaver-County,15010
971,Beaver-County,15026
972,Beaver-County,15027
973,Beaver-County,15042
974,Beaver-County,15043
975,Beaver-County,15050
976,Beaver-County,15052
977,Beaver-County,15059
978,Beaver-County,15061
979,Beaver-County,15066
980,Beaver-County,15074
981,Beaver-County,15077
982,Beaver-County,15081
983,Beaver-County,15143
984,Beaver-County,16037
985,Beaver-County,16063
986,Beaver-County,16115
987,Beaver-County,16117
988,Beaver-County,16120
989,Beaver-County,16123
990,Beaver-County,16136
991,Beaver-County,16141
992,Beaver-County,16157
993,Blair-County,15946
994,Blair-County,16601
995,Blair-County,16602
996,Blair-County,16613
997,Blair-County,16617
998,Blair-County,16625
999,Blair-County,16631
1000,Blair-County,16635
1001,Blair-County,16636
1002,Blair-County,16637
1003,Blair-County,16641
1004,Blair-County,16648
1005,Blair-County,16655
1006,Blair-County,16662
1007,Blair-County,16665
1008,Blair-County,16673
1009,Blair-County,16682
1010,Blair-County,16686
1011,Blair-County,16693
1012,Lebanon-County,17003
1013,Lebanon-County,17010
1014,Lebanon-County,17016
1015,Lebanon-County,17026
1016,Lebanon-County,17028
1017,Lebanon-County,17033
1018,Lebanon-County,17038
1019,Lebanon-County,17039
1020,Lebanon-County,17041
1021,Lebanon-County,17042
1022,Lebanon-County,17046
1023,Lebanon-County,17064
1024,Lebanon-County,17067
1025,Lebanon-County,17073
1026,Lebanon-County,17077
1027,Lebanon-County,17078
1028,Lebanon-County,17083
1029,Lebanon-County,17087
1030,Lebanon-County,17088
1031,Lebanon-County,17545
1032,Lebanon-County,17963
1033,Lebanon-County,19551
1034,Lehigh-County,18011
1035,Lehigh-County,18015
1036,Lehigh-County,18016
1037,Lehigh-County,18017
1038,Lehigh-County,18018
1039,Lehigh-County,18031
1040,Lehigh-County,18032
1041,Lehigh-County,18034
1042,Lehigh-County,18036
1043,Lehigh-County,18037
1044,Lehigh-County,18041
1045,Lehigh-County,18046
1046,Lehigh-County,18049
1047,Lehigh-County,18051
1048,Lehigh-County,18052
1049,Lehigh-County,18053
1050,Lehigh-County,18059
1051,Lehigh-County,18062
1052,Lehigh-County,18066
1053,Lehigh-County,18068
1054,Lehigh-County,18069
1055,Lehigh-County,18078
1056,Lehigh-County,18079
1057,Lehigh-County,18080
1058,Lehigh-County,18087
1059,Lehigh-County,18092
1060,Lehigh-County,18101
1061,Lehigh-County,18102
1062,Lehigh-County,18103
1063,Lehigh-County,18104
1064,Lehigh-County,18105
1065,Lehigh-County,18106
1066,Lehigh-County,18109
1067,Lehigh-County,18195
1068,Lehigh-County,18951
1069,Lehigh-County,19529
1070,Lehigh-County,19530
1071,Lehigh-County,19539
1072,Bradford-County,16914
1073,Bradford-County,16925
1074,Bradford-County,16926
1075,Bradford-County,16936
1076,Bradford-County,16947
1077,Bradford-County,17724
1078,Bradford-County,18623
1079,Bradford-County,18810
1080,Bradford-County,18814
1081,Bradford-County,18817
1082,Bradford-County,18829
1083,Bradford-County,18830
1084,Bradford-County,18831
1085,Bradford-County,18832
1086,Bradford-County,18833
1087,Bradford-County,18837
1088,Bradford-County,18840
1089,Bradford-County,18845
1090,Bradford-County,18846
1091,Bradford-County,18848
1092,Bradford-County,18850
1093,Bradford-County,18851
1094,Bradford-County,18853
1095,Bradford-County,18854
1096,Northampton-County,18013
1097,Northampton-County,18014
1098,Northampton-County,18015
1099,Northampton-County,18017
1100,Northampton-County,18018
1101,Northampton-County,18020
1102,Northampton-County,18032
1103,Northampton-County,18035
1104,Northampton-County,18038
1105,Northampton-County,18040
1106,Northampton-County,18042
1107,Northampton-County,18045
1108,Northampton-County,18055
1109,Northampton-County,18063
1110,Northampton-County,18064
1111,Northampton-County,18067
1112,Northampton-County,18072
1113,Northampton-County,18077
1114,Northampton-County,18083
1115,Northampton-County,18085
1116,Northampton-County,18086
1117,Northampton-County,18088
1118,Northampton-County,18091
1119,Northampton-County,18109
1120,Northampton-County,18343
1121,Northampton-County,18351
1122,Fulton-County,15533
1123,Fulton-County,15536
1124,Fulton-County,16674
1125,Fulton-County,16689
1126,Fulton-County,16691
1127,Fulton-County,16694
1128,Fulton-County,17212
1129,Fulton-County,17215
1130,Fulton-County,17223
1131,Fulton-County,17224
1132,Fulton-County,17228
1133,Fulton-County,17229
1134,Fulton-County,17233
1135,Fulton-County,17236
1136,Fulton-County,17238
1137,Fulton-County,17264
1138,Fulton-County,17267
1139,Warren-County,16312
1140,Warren-County,16313
1141,Warren-County,16329
1142,Warren-County,16340
1143,Warren-County,16345
1144,Warren-County,16347
1145,Warren-County,16350
1146,Warren-County,16351
1147,Warren-County,16352
1148,Warren-County,16354
1149,Warren-County,16365
1150,Warren-County,16371
1151,Warren-County,16402
1152,Warren-County,16405
1153,Warren-County,16407
1154,Warren-County,16416
1155,Warren-County,16420
1156,Warren-County,16434
1157,Warren-County,16436
1158,Warren-County,16701
1159,Adams-County,17019
1160,Adams-County,17222
1161,Adams-County,17301
1162,Adams-County,17304
1163,Adams-County,17306
1164,Adams-County,17307
1165,Adams-County,17316
1166,Adams-County,17320
1167,Adams-County,17324
1168,Adams-County,17325
1169,Adams-County,17331
1170,Adams-County,17340
1171,Adams-County,17343
1172,Adams-County,17344
1173,Adams-County,17350
1174,Adams-County,17353
1175,Adams-County,17372
1176,Montgomery-County,18041
1177,Montgomery-County,18054
1178,Montgomery-County,18070
1179,Montgomery-County,18073
1180,Montgomery-County,18074
1181,Montgomery-County,18076
1182,Montgomery-County,18915
1183,Montgomery-County,18936
1184,Montgomery-County,18964
1185,Montgomery-County,18969
1186,Montgomery-County,19001
1187,Montgomery-County,19002
1188,Montgomery-County,19003
1189,Montgomery-County,19004
1190,Montgomery-County,19006
1191,Montgomery-County,19009
1192,Montgomery-County,19010
1193,Montgomery-County,19012
1194,Montgomery-County,19025
1195,Montgomery-County,19027
1196,Montgomery-County,19031
1197,Montgomery-County,19034
1198,Montgomery-County,19035
1199,Montgomery-County,19038
1200,Montgomery-County,19040
1201,Montgomery-County,19041
1202,Montgomery-County,19044
1203,Montgomery-County,19046
1204,Montgomery-County,19066
1205,Montgomery-County,19072
1206,Montgomery-County,19075
1207,Montgomery-County,19083
1208,Montgomery-County,19085
1209,Montgomery-County,19087
1210,Montgomery-County,19090
1211,Montgomery-County,19095
1212,Montgomery-County,19096
1213,Montgomery-County,19118
1214,Montgomery-County,19150
1215,Montgomery-County,19401
1216,Montgomery-County,19403
1217,Montgomery-County,19405
1218,Montgomery-County,19406
1219,Montgomery-County,19422
1220,Montgomery-County,19426
1221,Montgomery-County,19428
1222,Montgomery-County,19435
1223,Montgomery-County,19436
1224,Montgomery-County,19437
1225,Montgomery-County,19438
1226,Montgomery-County,19440
1227,Montgomery-County,19444
1228,Montgomery-County,19446
1229,Montgomery-County,19453
1230,Montgomery-County,19454
1231,Montgomery-County,19456
1232,Montgomery-County,19460
1233,Montgomery-County,19462
1234,Montgomery-County,19464
1235,Montgomery-County,19468
1236,Montgomery-County,19472
1237,Montgomery-County,19473
1238,Montgomery-County,19474
1239,Montgomery-County,19477
1240,Montgomery-County,19492
1241,Montgomery-County,19504
1242,Montgomery-County,19505
1243,Montgomery-County,19512
1244,Montgomery-County,19525
1245,Butler-County,15044
1246,Butler-County,15086
1247,Butler-County,16001
1248,Butler-County,16002
1249,Butler-County,16020
1250,Butler-County,16022
1251,Butler-County,16023
1252,Butler-County,16024
1253,Butler-County,16025
1254,Butler-County,16027
1255,Butler-County,16029
1256,Butler-County,16030
1257,Butler-County,16033
1258,Butler-County,16034
1259,Butler-County,16035
1260,Butler-County,16037
1261,Butler-County,16038
1262,Butler-County,16040
1263,Butler-County,16041
1264,Butler-County,16045
1265,Butler-County,16046
1266,Butler-County,16048
1267,Butler-County,16049
1268,Butler-County,16050
1269,Butler-County,16051
1270,Butler-County,16052
1271,Butler-County,16053
1272,Butler-County,16055
1273,Butler-County,16056
1274,Butler-County,16057
1275,Butler-County,16059
1276,Butler-County,16061
1277,Butler-County,16063
1278,Butler-County,16066
1279,Butler-County,16127
1280,Butler-County,16229
1281,Butler-County,16373
1282,Tioga-County,16901
1283,Tioga-County,16911
1284,Tioga-County,16912
1285,Tioga-County,16914
1286,Tioga-County,16917
1287,Tioga-County,16920
1288,Tioga-County,16921
1289,Tioga-County,16928
1290,Tioga-County,16929
1291,Tioga-County,16930
1292,Tioga-County,16932
1293,Tioga-County,16933
1294,Tioga-County,16935
1295,Tioga-County,16936
1296,Tioga-County,16938
1297,Tioga-County,16939
1298,Tioga-County,16940
1299,Tioga-County,16942
1300,Tioga-County,16943
1301,Tioga-County,16946
1302,Tioga-County,16947
1303,Tioga-County,16950
1304,Tioga-County,17724
1305,Tioga-County,17727
1306,Tioga-County,17765
1307,Juniata-County,17021
1308,Juniata-County,17035
1309,Juniata-County,17045
1310,Juniata-County,17049
1311,Juniata-County,17056
1312,Juniata-County,17058
1313,Juniata-County,17059
1314,Juniata-County,17062
1315,Juniata-County,17076
1316,Juniata-County,17082
1317,Juniata-County,17086
1318,Juniata-County,17094
1319,Juniata-County,17243
1320,Juniata-County,17853
1321,Venango-County,16038
1322,Venango-County,16127
1323,Venango-County,16153
1324,Venango-County,16232
1325,Venango-County,16301
1326,Venango-County,16311
1327,Venango-County,16314
1328,Venango-County,16317
1329,Venango-County,16319
1330,Venango-County,16323
1331,Venango-County,16341
1332,Venango-County,16342
1333,Venango-County,16343
1334,Venango-County,16344
1335,Venango-County,16346
1336,Venango-County,16353
1337,Venango-County,16354
1338,Venango-County,16362
1339,Venango-County,16364
1340,Venango-County,16372
1341,Venango-County,16373
1342,Venango-County,16374
1343,Crawford-County,16110
1344,Crawford-County,16111
1345,Crawford-County,16125
1346,Crawford-County,16131
1347,Crawford-County,16134
1348,Crawford-County,16314
1349,Crawford-County,16316
1350,Crawford-County,16317
1351,Crawford-County,16327
1352,Crawford-County,16328
1353,Crawford-County,16335
1354,Crawford-County,16354
1355,Crawford-County,16360
1356,Crawford-County,16401
1357,Crawford-County,16403
1358,Crawford-County,16404
1359,Crawford-County,16406
1360,Crawford-County,16407
1361,Crawford-County,16412
1362,Crawford-County,16422
1363,Crawford-County,16424
1364,Crawford-County,16433
1365,Crawford-County,16434
1366,Crawford-County,16435
1367,Crawford-County,16438
1368,Crawford-County,16440
1369,Crawford-County,16441
1370,Wyoming-County,18414
1371,Wyoming-County,18419
1372,Wyoming-County,18446
1373,Wyoming-County,18612
1374,Wyoming-County,18614
1375,Wyoming-County,18615
1376,Wyoming-County,18618
1377,Wyoming-County,18623
1378,Wyoming-County,18625
1379,Wyoming-County,18629
1380,Wyoming-County,18630
1381,Wyoming-County,18636
1382,Wyoming-County,18657
1383,Wyoming-County,18844
1384,Potter-County,16720
1385,Potter-County,16743
1386,Potter-County,16746
1387,Potter-County,16748
1388,Potter-County,16915
1389,Potter-County,16922
1390,Potter-County,16923
1391,Potter-County,16927
1392,Potter-County,16937
1393,Potter-County,16941
1394,Potter-County,16943
1395,Potter-County,16948
1396,Potter-County,16950
1397,Potter-County,17729
1398,Franklin-County,17021
1399,Franklin-County,17201
1400,Franklin-County,17202
1401,Franklin-County,17210
1402,Franklin-County,17214
1403,Franklin-County,17217
1404,Franklin-County,17219
1405,Franklin-County,17220
1406,Franklin-County,17221
1407,Franklin-County,17222
1408,Franklin-County,17224
1409,Franklin-County,17225
1410,Franklin-County,17235
1411,Franklin-County,17236
1412,Franklin-County,17237
1413,Franklin-County,17240
1414,Franklin-County,17244
1415,Franklin-County,17246
1416,Franklin-County,17247
1417,Franklin-County,17250
1418,Franklin-County,17251
1419,Franklin-County,17252
1420,Franklin-County,17254
1421,Franklin-County,17256
1422,Franklin-County,17257
1423,Franklin-County,17261
1424,Franklin-County,17262
1425,Franklin-County,17263
1426,Franklin-County,17265
1427,Franklin-County,17268
1428,Franklin-County,17270
1429,Franklin-County,17271
1430,Franklin-County,17272
1431,York-County,17011
1432,York-County,17019
1433,York-County,17055
1434,York-County,17070
1435,York-County,17301
1436,York-County,17302
1437,York-County,17309
1438,York-County,17311
1439,York-County,17313
1440,York-County,17314
1441,York-County,17315
1442,York-County,17316
1443,York-County,17317
1444,York-County,17318
1445,York-County,17319
1446,York-County,17321
1447,York-County,17322
1448,York-County,17327
1449,York-County,17329
1450,York-County,17331
1451,York-County,17339
1452,York-County,17345
1453,York-County,17347
1454,York-County,17349
1455,York-County,17352
1456,York-County,17355
1457,York-County,17356
1458,York-County,17360
1459,York-County,17361
1460,York-County,17362
1461,York-County,17363
1462,York-County,17364
1463,York-County,17365
1464,York-County,17366
1465,York-County,17368
1466,York-County,17370
1467,York-County,17371
1468,York-County,17372
1469,York-County,17401
1470,York-County,17402
1471,York-County,17403
1472,York-County,17404
1473,York-County,17406
1474,York-County,17407
1475,York-County,17408
1476,Chester-County,17527
1477,Chester-County,19073
1478,Chester-County,19087
1479,Chester-County,19301
1480,Chester-County,19310
1481,Chester-County,19311
1482,Chester-County,19312
1483,Chester-County,19316
1484,Chester-County,19317
1485,Chester-County,19319
1486,Chester-County,19320
1487,Chester-County,19330
1488,Chester-County,19333
1489,Chester-County,19335
1490,Chester-County,19341
1491,Chester-County,19342
1492,Chester-County,19343
1493,Chester-County,19344
1494,Chester-County,19345
1495,Chester-County,19348
1496,Chester-County,19350
1497,Chester-County,19352
1498,Chester-County,19355
1499,Chester-County,19358
1500,Chester-County,19362
1501,Chester-County,19363
1502,Chester-County,19365
1503,Chester-County,19367
1504,Chester-County,19372
1505,Chester-County,19373
1506,Chester-County,19374
1507,Chester-County,19375
1508,Chester-County,19380
1509,Chester-County,19382
1510,Chester-County,19383
1511,Chester-County,19390
1512,Chester-County,19425
1513,Chester-County,19442
1514,Chester-County,19457
1515,Chester-County,19460
1516,Chester-County,19465
1517,Chester-County,19475
1518,Chester-County,19520
1519,Chester-County,19543
1520,Dauphin-County,17005
1521,Dauphin-County,17017
1522,Dauphin-County,17018
1523,Dauphin-County,17020
1524,Dauphin-County,17022
1525,Dauphin-County,17023
1526,Dauphin-County,17028
1527,Dauphin-County,17030
1528,Dauphin-County,17032
1529,Dauphin-County,17033
1530,Dauphin-County,17034
1531,Dauphin-County,17036
1532,Dauphin-County,17048
1533,Dauphin-County,17057
1534,Dauphin-County,17061
1535,Dauphin-County,17078
1536,Dauphin-County,17080
1537,Dauphin-County,17097
1538,Dauphin-County,17098
1539,Dauphin-County,17101
1540,Dauphin-County,17102
1541,Dauphin-County,17103
1542,Dauphin-County,17104
1543,Dauphin-County,17109
1544,Dauphin-County,17110
1545,Dauphin-County,17111
1546,Dauphin-County,17112
1547,Dauphin-County,17113
1548,Dauphin-County,17120
1549,Dauphin-County,17980
1550,Clearfield-County,15721
1551,Clearfield-County,15724
1552,Clearfield-County,15742
1553,Clearfield-County,15753
1554,Clearfield-County,15757
1555,Clearfield-County,15767
1556,Clearfield-County,15801
1557,Clearfield-County,15824
1558,Clearfield-County,15840
1559,Clearfield-County,15848
1560,Clearfield-County,15849
1561,Clearfield-County,15856
1562,Clearfield-County,15866
1563,Clearfield-County,16616
1564,Clearfield-County,16620
1565,Clearfield-County,16627
1566,Clearfield-County,16639
1567,Clearfield-County,16645
1568,Clearfield-County,16646
1569,Clearfield-County,16651
1570,Clearfield-County,16656
1571,Clearfield-County,16661
1572,Clearfield-County,16666
1573,Clearfield-County,16671
1574,Clearfield-County,16680
1575,Clearfield-County,16692
1576,Clearfield-County,16821
1577,Clearfield-County,16825
1578,Clearfield-County,16830
1579,Clearfield-County,16833
1580,Clearfield-County,16834
1581,Clearfield-County,16836
1582,Clearfield-County,16837
1583,Clearfield-County,16838
1584,Clearfield-County,16839
1585,Clearfield-County,16840
1586,Clearfield-County,16843
1587,Clearfield-County,16845
1588,Clearfield-County,16847
1589,Clearfield-County,16849
1590,Clearfield-County,16855
1591,Clearfield-County,16858
1592,Clearfield-County,16860
1593,Clearfield-County,16861
1594,Clearfield-County,16863
1595,Clearfield-County,16866
1596,Clearfield-County,16871
1597,Clearfield-County,16876
1598,Clearfield-County,16878
1599,Clearfield-County,16879
1600,Clearfield-County,16881
1601,Wayne-County,18405
1602,Wayne-County,18415
1603,Wayne-County,18417
1604,Wayne-County,18421
1605,Wayne-County,18424
1606,Wayne-County,18427
1607,Wayne-County,18428
1608,Wayne-County,18431
1609,Wayne-County,18436
1610,Wayne-County,18437
1611,Wayne-County,18438
1612,Wayne-County,18439
1613,Wayne-County,18443
1614,Wayne-County,18444
1615,Wayne-County,18445
1616,Wayne-County,18453
1617,Wayne-County,18454
1618,Wayne-County,18455
1619,Wayne-County,18456
1620,Wayne-County,18459
1621,Wayne-County,18460
1622,Wayne-County,18461
1623,Wayne-County,18462
1624,Wayne-County,18463
1625,Wayne-County,18465
1626,Wayne-County,18469
1627,Wayne-County,18470
1628,Wayne-County,18472
1629,Wayne-County,18473
1630,Wayne-County,18847
1631,Bedford-County,15521
1632,Bedford-County,15522
1633,Bedford-County,15533
1634,Bedford-County,15534
1635,Bedford-County,15535
1636,Bedford-County,15537
1637,Bedford-County,15539
1638,Bedford-County,15545
1639,Bedford-County,15550
1640,Bedford-County,15554
1641,Bedford-County,15559
1642,Bedford-County,15946
1643,Bedford-County,16625
1644,Bedford-County,16633
1645,Bedford-County,16650
1646,Bedford-County,16655
1647,Bedford-County,16657
1648,Bedford-County,16659
1649,Bedford-County,16662
1650,Bedford-County,16664
1651,Bedford-County,16667
1652,Bedford-County,16670
1653,Bedford-County,16672
1654,Bedford-County,16673
1655,Bedford-County,16678
1656,Bedford-County,16679
1657,Bedford-County,16694
1658,Bedford-County,16695
1659,Bedford-County,17211
1660,Montour-County,17756
1661,Montour-County,17772
1662,Montour-County,17777
1663,Montour-County,17815
1664,Montour-County,17820
1665,Montour-County,17821
1666,Montour-County,17822
1667,Montour-County,17847
1668,Montour-County,17884
1669,Northumberland-County,17017
1670,Northumberland-County,17730
1671,Northumberland-County,17749
1672,Northumberland-County,17756
1673,Northumberland-County,17772
1674,Northumberland-County,17777
1675,Northumberland-County,17801
1676,Northumberland-County,17821
1677,Northumberland-County,17823
1678,Northumberland-County,17824
1679,Northumberland-County,17830
1680,Northumberland-County,17832
1681,Northumberland-County,17834
1682,Northumberland-County,17836
1683,Northumberland-County,17840
1684,Northumberland-County,17847
1685,Northumberland-County,17850
1686,Northumberland-County,17851
1687,Northumberland-County,17857
1688,Northumberland-County,17860
1689,Northumberland-County,17865
1690,Northumberland-County,17866
1691,Northumberland-County,17867
1692,Northumberland-County,17868
1693,Northumberland-County,17872
1694,Northumberland-County,17881
1695,Northumberland-County,17941
1696,Northumberland-County,17964
1697,Monroe-County,07832
1698,Monroe-County,18058
1699,Monroe-County,18071
1700,Monroe-County,18210
1701,Monroe-County,18301
1702,Monroe-County,18302
1703,Monroe-County,18321
1704,Monroe-County,18322
1705,Monroe-County,18323
1706,Monroe-County,18324
1707,Monroe-County,18325
1708,Monroe-County,18326
1709,Monroe-County,18327
1710,Monroe-County,18330
1711,Monroe-County,18331
1712,Monroe-County,18332
1713,Monroe-County,18333
1714,Monroe-County,18334
1715,Monroe-County,18335
1716,Monroe-County,18342
1717,Monroe-County,18344
1718,Monroe-County,18346
1719,Monroe-County,18347
1720,Monroe-County,18349
1721,Monroe-County,18350
1722,Monroe-County,18352
1723,Monroe-County,18353
1724,Monroe-County,18354
1725,Monroe-County,18355
1726,Monroe-County,18356
1727,Monroe-County,18357
1728,Monroe-County,18360
1729,Monroe-County,18370
1730,Monroe-County,18372
1731,Monroe-County,18424
1732,Monroe-County,18466
1733,Monroe-County,18610
1734,Huntingdon-County,16611
1735,Huntingdon-County,16621
1736,Huntingdon-County,16622
1737,Huntingdon-County,16623
1738,Huntingdon-County,16634
1739,Huntingdon-County,16638
1740,Huntingdon-County,16647
1741,Huntingdon-County,16652
1742,Huntingdon-County,16657
1743,Huntingdon-County,16669
1744,Huntingdon-County,16674
1745,Huntingdon-County,16678
1746,Huntingdon-County,16683
1747,Huntingdon-County,16685
1748,Huntingdon-County,16686
1749,Huntingdon-County,16694
1750,Huntingdon-County,16865
1751,Huntingdon-County,16877
1752,Huntingdon-County,17002
1753,Huntingdon-County,17052
1754,Huntingdon-County,17060
1755,Huntingdon-County,17066
1756,Huntingdon-County,17213
1757,Huntingdon-County,17215
1758,Huntingdon-County,17229
1759,Huntingdon-County,17239
1760,Huntingdon-County,17243
1761,Huntingdon-County,17249
1762,Huntingdon-County,17253
1763,Huntingdon-County,17255
1764,Huntingdon-County,17260
1765,Huntingdon-County,17264
1766,Greene-County,15310
1767,Greene-County,15315
1768,Greene-County,15316
1769,Greene-County,15320
1770,Greene-County,15322
1771,Greene-County,15325
1772,Greene-County,15327
1773,Greene-County,15329
1774,Greene-County,15334
1775,Greene-County,15337
1776,Greene-County,15338
1777,Greene-County,15341
1778,Greene-County,15344
1779,Greene-County,15345
1780,Greene-County,15346
1781,Greene-County,15349
1782,Greene-County,15351
1783,Greene-County,15352
1784,Greene-County,15353
1785,Greene-County,15357
1786,Greene-County,15359
1787,Greene-County,15362
1788,Greene-County,15364
1789,Greene-County,15370
1790,Greene-County,15377
1791,Greene-County,15380
1792,Mifflin-County,17002
1793,Mifflin-County,17004
1794,Mifflin-County,17009
1795,Mifflin-County,17029
1796,Mifflin-County,17044
1797,Mifflin-County,17051
1798,Mifflin-County,17063
1799,Mifflin-County,17066
1800,Mifflin-County,17075
1801,Mifflin-County,17084
1802,Mifflin-County,17099
1803,Mifflin-County,17841
1804,Fayette-County,15012
1805,Fayette-County,15401
1806,Fayette-County,15410
1807,Fayette-County,15413
1808,Fayette-County,15417
1809,Fayette-County,15420
1810,Fayette-County,15421
1811,Fayette-County,15422
1812,Fayette-County,15424
1813,Fayette-County,15425
1814,Fayette-County,15428
1815,Fayette-County,15430
1816,Fayette-County,15431
1817,Fayette-County,15433
1818,Fayette-County,15435
1819,Fayette-County,15436
1820,Fayette-County,15437
1821,Fayette-County,15438
1822,Fayette-County,15440
1823,Fayette-County,15442
1824,Fayette-County,15443
1825,Fayette-County,15444
1826,Fayette-County,15445
1827,Fayette-County,15446
1828,Fayette-County,15447
1829,Fayette-County,15449
1830,Fayette-County,15450
1831,Fayette-County,15451
1832,Fayette-County,15454
1833,Fayette-County,15455
1834,Fayette-County,15456
1835,Fayette-County,15458
1836,Fayette-County,15459
1837,Fayette-County,15460
1838,Fayette-County,15461
1839,Fayette-County,15462
1840,Fayette-County,15463
1841,Fayette-County,15464
1842,Fayette-County,15466
1843,Fayette-County,15467
1844,Fayette-County,15468
1845,Fayette-County,15469
1846,Fayette-County,15470
1847,Fayette-County,15472
1848,Fayette-County,15473
1849,Fayette-County,15474
1850,Fayette-County,15475
1851,Fayette-County,15476
1852,Fayette-County,15478
1853,Fayette-County,15480
1854,Fayette-County,15482
1855,Fayette-County,15484
1856,Fayette-County,15486
1857,Fayette-County,15489
1858,Fayette-County,15490
1859,Fayette-County,15492
1860,Fayette-County,15557
1861,Fayette-County,15610
1862,Fayette-County,15622
1863,Fayette-County,15631
1864,Fayette-County,15666
1865,Fayette-County,15683
1866,Armstrong-County,15613
1867,Armstrong-County,15618
1868,Armstrong-County,15656
1869,Armstrong-County,15673
1870,Armstrong-County,15686
1871,Armstrong-County,15690
1872,Armstrong-County,15732
1873,Armstrong-County,15736
1874,Armstrong-County,15774
1875,Armstrong-County,16025
1876,Armstrong-County,16028
1877,Armstrong-County,16041
1878,Armstrong-County,16049
1879,Armstrong-County,16055
1880,Armstrong-County,16201
1881,Armstrong-County,16210
1882,Armstrong-County,16212
1883,Armstrong-County,16218
1884,Armstrong-County,16222
1885,Armstrong-County,16223
1886,Armstrong-County,16224
1887,Armstrong-County,16226
1888,Armstrong-County,16228
1889,Armstrong-County,16229
1890,Armstrong-County,16236
1891,Armstrong-County,16238
1892,Armstrong-County,16240
1893,Armstrong-County,16242
1894,Armstrong-County,16244
1895,Armstrong-County,16245
1896,Armstrong-County,16249
1897,Armstrong-County,16250
1898,Armstrong-County,16253
1899,Armstrong-County,16259
1900,Armstrong-County,16262
1901,Armstrong-County,16263
1902,Erie-County,16401
1903,Erie-County,16403
1904,Erie-County,16407
1905,Erie-County,16410
1906,Erie-County,16411
1907,Erie-County,16412
1908,Erie-County,16415
1909,Erie-County,16417
1910,Erie-County,16421
1911,Erie-County,16423
1912,Erie-County,16426
1913,Erie-County,16427
1914,Erie-County,16428
1915,Erie-County,16435
1916,Erie-County,16438
1917,Erie-County,16441
1918,Erie-County,16442
1919,Erie-County,16443
1920,Erie-County,16444
1921,Erie-County,16501
1922,Erie-County,16502
1923,Erie-County,16503
1924,Erie-County,16504
1925,Erie-County,16505
1926,Erie-County,16506
1927,Erie-County,16507
1928,Erie-County,16508
1929,Erie-County,16509
1930,Erie-County,16510
1931,Erie-County,16511
1932,Erie-County,16546
1933,Erie-County,16563
1934,Columbia-County,17756
1935,Columbia-County,17774
1936,Columbia-County,17814
1937,Columbia-County,17815
1938,Columbia-County,17820
1939,Columbia-County,17821
1940,Columbia-County,17824
1941,Columbia-County,17846
1942,Columbia-County,17859
1943,Columbia-County,17878
1944,Columbia-County,17888
1945,Columbia-County,17920
1946,Columbia-County,17921
1947,Columbia-County,17945
1948,Columbia-County,17985
1949,Columbia-County,18603
1950,Columbia-County,18631
1951,Columbia-County,18635
1952,Columbia-County,18655
1953,Perry-County,17006
1954,Perry-County,17020
1955,Perry-County,17021
1956,Perry-County,17024
1957,Perry-County,17035
1958,Perry-County,17037
1959,Perry-County,17040
1960,Perry-County,17045
1961,Perry-County,17047
1962,Perry-County,17053
1963,Perry-County,17062
1964,Perry-County,17068
1965,Perry-County,17069
1966,Perry-County,17071
1967,Perry-County,17074
1968,Perry-County,17090
1969,Indiana-County,15618
1970,Indiana-County,15681
1971,Indiana-County,15701
1972,Indiana-County,15710
1973,Indiana-County,15712
1974,Indiana-County,15713
1975,Indiana-County,15714
1976,Indiana-County,15716
1977,Indiana-County,15717
1978,Indiana-County,15723
1979,Indiana-County,15724
1980,Indiana-County,15725
1981,Indiana-County,15727
1982,Indiana-County,15728
1983,Indiana-County,15729
1984,Indiana-County,15731
1985,Indiana-County,15732
1986,Indiana-County,15734
1987,Indiana-County,15739
1988,Indiana-County,15741
1989,Indiana-County,15742
1990,Indiana-County,15745
1991,Indiana-County,15746
1992,Indiana-County,15747
1993,Indiana-County,15748
1994,Indiana-County,15750
1995,Indiana-County,15752
1996,Indiana-County,15754
1997,Indiana-County,15756
1998,Indiana-County,15757
1999,Indiana-County,15759
2000,Indiana-County,15761
2001,Indiana-County,15765
2002,Indiana-County,15767
2003,Indiana-County,15771
2004,Indiana-County,15772
2005,Indiana-County,15774
2006,Indiana-County,15777
2007,Indiana-County,15783
2008,Indiana-County,15920
2009,Indiana-County,15929
2010,Indiana-County,15944
2011,Indiana-County,15949
2012,Indiana-County,15954
2013,Indiana-County,15957
2014,Indiana-County,15961
2015,Indiana-County,16211
2016,Indiana-County,16222
2017,Indiana-County,16246
2018,Indiana-County,16256
2019,Cameron-County,15832
2020,Cameron-County,15834
2021,Cameron-County,15861
2022,Cameron-County,16720
2023,Westmoreland-County,15012
2024,Westmoreland-County,15018
2025,Westmoreland-County,15062
2026,Westmoreland-County,15068
2027,Westmoreland-County,15072
2028,Westmoreland-County,15083
2029,Westmoreland-County,15085
2030,Westmoreland-County,15087
2031,Westmoreland-County,15089
2032,Westmoreland-County,15131
2033,Westmoreland-County,15137
2034,Westmoreland-County,15146
2035,Westmoreland-County,15448
2036,Westmoreland-County,15479
2037,Westmoreland-County,15501
2038,Westmoreland-County,15531
2039,Westmoreland-County,15601
2040,Westmoreland-County,15610
2041,Westmoreland-County,15611
2042,Westmoreland-County,15612
2043,Westmoreland-County,15613
2044,Westmoreland-County,15615
2045,Westmoreland-County,15616
2046,Westmoreland-County,15617
2047,Westmoreland-County,15618
2048,Westmoreland-County,15620
2049,Westmoreland-County,15621
2050,Westmoreland-County,15622
2051,Westmoreland-County,15623
2052,Westmoreland-County,15624
2053,Westmoreland-County,15625
2054,Westmoreland-County,15626
2055,Westmoreland-County,15627
2056,Westmoreland-County,15628
2057,Westmoreland-County,15629
2058,Westmoreland-County,15632
2059,Westmoreland-County,15633
2060,Westmoreland-County,15634
2061,Westmoreland-County,15635
2062,Westmoreland-County,15636
2063,Westmoreland-County,15637
2064,Westmoreland-County,15638
2065,Westmoreland-County,15639
2066,Westmoreland-County,15640
2067,Westmoreland-County,15641
2068,Westmoreland-County,15642
2069,Westmoreland-County,15644
2070,Westmoreland-County,15646
2071,Westmoreland-County,15647
2072,Westmoreland-County,15650
2073,Westmoreland-County,15655
2074,Westmoreland-County,15656
2075,Westmoreland-County,15658
2076,Westmoreland-County,15660
2077,Westmoreland-County,15661
2078,Westmoreland-County,15662
2079,Westmoreland-County,15663
2080,Westmoreland-County,15665
2081,Westmoreland-County,15666
2082,Westmoreland-County,15668
2083,Westmoreland-County,15670
2084,Westmoreland-County,15671
2085,Westmoreland-County,15672
2086,Westmoreland-County,15675
2087,Westmoreland-County,15676
2088,Westmoreland-County,15677
2089,Westmoreland-County,15678
2090,Westmoreland-County,15679
2091,Westmoreland-County,15680
2092,Westmoreland-County,15681
2093,Westmoreland-County,15683
2094,Westmoreland-County,15684
2095,Westmoreland-County,15687
2096,Westmoreland-County,15688
2097,Westmoreland-County,15689
2098,Westmoreland-County,15690
2099,Westmoreland-County,15691
2100,Westmoreland-County,15692
2101,Westmoreland-County,15693
2102,Westmoreland-County,15695
2103,Westmoreland-County,15696
2104,Westmoreland-County,15697
2105,Westmoreland-County,15698
2106,Westmoreland-County,15717
2107,Westmoreland-County,15779
2108,Westmoreland-County,15923
2109,Westmoreland-County,15944
2110,Westmoreland-County,15954
2111,Westmoreland-County,16229
2112,Schuylkill-County,17901
2113,Schuylkill-County,17921
2114,Schuylkill-County,17922
2115,Schuylkill-County,17923
2116,Schuylkill-County,17925
2117,Schuylkill-County,17929
2118,Schuylkill-County,17930
2119,Schuylkill-County,17931
2120,Schuylkill-County,17933
2121,Schuylkill-County,17934
2122,Schuylkill-County,17935
2123,Schuylkill-County,17936
2124,Schuylkill-County,17938
2125,Schuylkill-County,17941
2126,Schuylkill-County,17943
2127,Schuylkill-County,17944
2128,Schuylkill-County,17945
2129,Schuylkill-County,17946
2130,Schuylkill-County,17948
2131,Schuylkill-County,17949
2132,Schuylkill-County,17951
2133,Schuylkill-County,17952
2134,Schuylkill-County,17953
2135,Schuylkill-County,17954
2136,Schuylkill-County,17957
2137,Schuylkill-County,17959
2138,Schuylkill-County,17960
2139,Schuylkill-County,17961
2140,Schuylkill-County,17963
2141,Schuylkill-County,17964
2142,Schuylkill-County,17965
2143,Schuylkill-County,17967
2144,Schuylkill-County,17968
2145,Schuylkill-County,17970
2146,Schuylkill-County,17972
2147,Schuylkill-County,17974
2148,Schuylkill-County,17976
2149,Schuylkill-County,17978
2150,Schuylkill-County,17979
2151,Schuylkill-County,17980
2152,Schuylkill-County,17981
2153,Schuylkill-County,17982
2154,Schuylkill-County,17983
2155,Schuylkill-County,17985
2156,Schuylkill-County,18201
2157,Schuylkill-County,18202
2158,Schuylkill-County,18211
2159,Schuylkill-County,18214
2160,Schuylkill-County,18218
2161,Schuylkill-County,18220
2162,Schuylkill-County,18231
2163,Schuylkill-County,18237
2164,Schuylkill-County,18240
2165,Schuylkill-County,18241
2166,Schuylkill-County,18242
2167,Schuylkill-County,18245
2168,Schuylkill-County,18248
2169,Schuylkill-County,18252
2170,Schuylkill-County,19549
2171,Pike-County,07881
2172,Pike-County,18302
2173,Pike-County,18324
2174,Pike-County,18325
2175,Pike-County,18328
2176,Pike-County,18336
2177,Pike-County,18337
2178,Pike-County,18340
2179,Pike-County,18371
2180,Pike-County,18405
2181,Pike-County,18425
2182,Pike-County,18426
2183,Pike-County,18428
2184,Pike-County,18435
2185,Pike-County,18445
2186,Pike-County,18451
2187,Pike-County,18457
2188,Pike-County,18458
2189,Pike-County,18460
2190,Pike-County,18464
